conduct,age,gender,nationality,pob,tutor/makeup,grade,admission,guardian,time_with_parents,communication_with_parents,reward_for_achievements,parent_understanding,transport_type,residence,travel time,birth_order,exercice,previous_school,mother_tongue,curriculum,sleeping time_in_pm,parenting_style,trauma,type,quality,english,amharic,arabic,geez,ict,maths,ss,gp,is,moral,hpe,art,chemistry,physics,gpa,literature,biology,geography,history,civics,ent-ship,matrik,level
a,10,f,ethiopian,ethiopia,yes,5,paid,both,a lot,strongly agree,strongly agree,agree,private,ayertena,15-30,middle child,2,diamond,eth-lang,yes,8,authoritative,0,none,4.25,94.86,94.58,88.45,84.41,88.52,76.38,85.93,95,82.01,98.28,95.48,89,,,89.4,,,,,,,,middleschool
b,12,m,ethiopian,ethiopia,no,5,scholarship,both,little,strongly agree,strongly agree,agree,public,haile garment,15-30,first child,0,southwest,eth-lang,yes,10,authoritative,0,none,4,74.12,77.39,81.86,80.98,76.9,74.92,70.32,94.75,74.16,89.84,96.15,91.75,,,81.9,,,,,,,,middleschool
a,10,m,ethiopian,ethiopia,yes,5,paid,both,a lot,agree,strongly agree,strongly agree,private,sarbet,15-,last child,3,greek school,eth-lang,yes,9,authoritative,1,physical,4.25,80.12,86.58,95.04,74.69,95.52,84.33,81.42,93.75,85.45,91.61,94.39,91.75,,,87.9,,,,,,,,middleschool
c,11,m,ethiopian,ethiopia,no,5,paid,both,a lot,strongly agree,strongly agree,strongly agree,private,gulele,15-30,last child,2,gibson,eth-lang,no,8,authoritative,0,none,4.5,82.67,91.68,89.64,86.7,87.81,90.63,81.14,82.5,80.86,81.91,93.89,81,,,85.9,,,,,,,,middleschool
b,11,f,ethiopian,foriegn_soil,no,5,paid,mother,a lot,strongly agree,strongly agree,somehow agree,private,meskel flower,15-30,middle child,2,school of nations,for-lang,yes,11.5,authoritative,0,none,4,96.31,96.99,97.6,92.09,98.62,96,89.07,99.75,94.73,98.77,88.69,97.75,,,95.5,,,,,,,,middleschool
a,11,f,ethiopian,ethiopia,no,5,paid,both,a lot,strongly agree,strongly agree,somehow agree,private,torhailoch,15-30,middle child,3,neps,eth-lang,yes,9,authoritative,0,none,4,75.35,91.35,92.86,98,88.45,75.63,81.39,95.25,83.93,87.67,93.54,98.75,,,88.5,,,,,,,,middleschool
a,11,f,ethiopian,foriegn_soil,yes,5,paid,mother,a lot,strongly agree,strongly agree,strongly agree,private,kality,30-60,middle child,3,potomac,for-lang,yes,10,authoritative,0,none,4.5,77.81,90.75,84.31,93.67,85.14,77.25,82.17,98,62.62,97.97,93.36,99.5,,,86.9,,,,,,,,middleschool
a,11,f,ethiopian,ethiopia,yes,5,paid,both,a lot,strongly agree,strongly agree,strongly agree,private,german square,15-30,middle child,3,neps,eth-lang,yes,7,authoritative,0,none,4.5,73.27,96.32,99.43,98,92,84.88,85.45,96.5,94.13,98.21,99.14,96,,,92.8,,,,,,,,middleschool
b,10,m,ethiopian,ethiopia,no,5,paid,both,little,strongly agree,somehow agree,disagree,service,bethel,30-60,middle child,2,neps,eth-lang,no,8,permissive,1,physcological,3,63.12,84.57,87.31,72.93,71.11,63.29,54.71,82.75,38.07,72.91,86.79,88.25,,,72.2,,,,,,,,middleschool
a,11,f,ethiopian,ethiopia,yes,5,paid,both,a lot,agree,strongly agree,strongly agree,private,gerji,30-60,first child,2,cambridge,eth-lang,yes,8,authoritative,0,none,4.25,70.98,93.89,95.23,85.43,89.75,64.96,80.09,98,76.24,93.21,80.37,93.25,,,85.1,,,,,,,,middleschool
b,11,m,ethiopian,foriegn_soil,yes,5,paid,both,little,disagree,somehow agree,disagree,private,sarbet,30-60,last child,3,spring of knowledge,for-lang,yes,10,permissive,0,none,2.25,79.27,78.74,98.8,80.82,91.47,70.58,70.3,94.25,76.27,88.19,85.64,82.25,,,83,,,,,,,,middleschool
a,12,m,ethiopian,foriegn_soil,no,5,paid,mother,a lot,agree,agree,disagree,private,meskel flower,15-30,first child,3,school of nations,for-lang,yes,5,authoritarian,0,none,3.25,92.03,96.76,94.29,76.88,99.08,92.63,92.13,99,96.83,95.97,91.93,94,,,93.5,,,,,,,,middleschool
b,11,m,ethiopian,foriegn_soil,no,5,paid,both,a lot,strongly agree,agree,strongly agree,service,torhailoch,30-60,middle child,1,forest trail,eth-lang,yes,8.5,authoritative,0,none,4.25,82.1,91.39,80.75,74.5,94.11,76,75.31,93.75,71.6,88,91.08,88.75,,,83.9,,,,,,,,middleschool
a,12,m,ethiopian,foriegn_soil,no,5,scholarship,both,a lot,strongly agree,strongly agree,strongly agree,private,jemo,15-,last child,2,neps,for-lang,yes,11.5,authoritative,0,none,4.5,96.57,86.41,89.41,74.31,89.16,84.25,75.5,96.25,77.43,96.41,99.32,99.5,,,88.7,,,,,,,,middleschool
a,10,f,ethiopian,ethiopia,yes,5,paid,both,a lot,agree,strongly agree,somehow agree,private,sarbet,15-30,last child,2,intellectual,eth-lang,yes,8,authoritative,1,physical,3.75,78.41,91.54,91.94,85.54,83.16,85.25,86.8,98,90.53,91.06,97.14,98.25,,,89.8,,,,,,,,middleschool
a,10,f,ethiopian,ethiopia,no,5,paid,both,a lot,strongly agree,strongly agree,agree,private,bethel,15-30,last child,2,renence,eth-lang,no,10,authoritative,0,none,4.25,71.84,98.06,95.34,109.01,98.15,85.88,83.29,97.25,81.62,93.35,98.39,98.25,,,92.5,,,,,,,,middleschool
a,11,f,ethiopian,ethiopia,no,5,paid,both,a lot,strongly agree,strongly agree,strongly agree,private,lebu,30-60,first child,3,spring of knowledge,eth-lang,yes,11.5,authoritative,0,none,4.5,98.29,98.49,95.34,100,99.35,86.88,93.75,98.5,94.61,93.53,96.54,98.5,,,96.1,,,,,,,,middleschool
a,10,m,ethiopian,foriegn_soil,yes,5,paid,mother,little,somehow agree,strongly agree,somehow agree,private,kolfe,15-30,middle child,3,st francis,for-lang,yes,11,authoritative,1,emotional,3.25,99.14,93.5,99.43,88.17,97.61,94.5,93.64,98.25,94.63,104.15,93.21,97.5,,,96.1,,,,,,,,middleschool
a,10,f,ethiopian,ethiopia,yes,5,paid,both,a lot,strongly agree,strongly agree,strongly agree,private,torhailoch,15-,first child,3,rice,eth-lang,yes,12,authoritative,0,none,4.5,90.31,95.65,94.03,88.17,93.66,80.83,92.16,98.25,85.45,99.08,92.48,96,,,92.2,,,,,,,,middleschool
a,11,m,ethiopian,ethiopia,no,5,scholarship,both,little,strongly agree,agree,agree,service,atena tera,60+,middle child,3,hilltops,eth-lang,no,7,authoritarian,0,none,3.75,76.38,88.78,84.86,72.44,85.84,68.42,67.77,98,77.37,98.2,95.36,97,,,84.2,,,,,,,,middleschool
a,10,f,ethiopian,ethiopia,yes,5,paid,both,a lot,somehow agree,agree,somehow agree,private,jemo,15-30,last child,3,gibson,eth-lang,no,11,authoritative,0,none,3.25,91.43,96.55,100,96.67,97.38,90,85.26,95.75,89.14,97.39,84.21,99,,,93.6,,,,,,,,middleschool
c,11,f,ethiopian,foriegn_soil,yes,5,paid,mother,a lot,agree,strongly agree,disagree,private,bole,15-30,last child,2,spring of knowledge,for-lang,yes,12,authoritative,1,emotional,3.5,83.8,97,76.1,81.33,88.06,81.5,78.22,91.75,80.13,96.79,84.94,94.25,,,86.2,,,,,,,,middleschool
b,12,m,american,foriegn_soil,yes,6,paid,mother,a lot,agree,strongly agree,agree,private,sefera,15-,last child,3,intellectual,for-lang,no,11,permissive,0,none,4,75.94,70.67,85,69.68,73.1,72.08,59.36,93.5,67.44,88.14,94.57,96.75,,,78.9,,,,,,,,middleschool
b,12,m,ethiopian,ethiopia,no,6,paid,both,little,strongly disagree,disagree,agree,private,bethel,15-30,last child,2,school of nations,eth-lang,no,7,authoritative,0,none,2.25,62.39,77.2,95.37,78.07,70.85,74,70.77,89.75,53.38,70.33,91.14,96.58,,,77.5,,,,,,,,middleschool
b,12,m,ethiopian,ethiopia,no,6,paid,both,a lot,somehow agree,somehow agree,disagree,private,kolfe,15-,middle child,2,hilltops,eth-lang,no,9,authoritative,1,none,2.75,78.34,86.49,83.2,94.42,79.72,85,79.8,97.25,77.11,78.88,94.57,95.67,,,85.9,,,,,,,,middleschool
a,11.5,f,american,ethiopia,yes,6,paid,both,a lot,agree,agree,somehow agree,private,sululta,60+,first child,1,apillo,for-lang,yes,8,authoritarian,0,none,3.5,87.99,92.74,91.11,90.61,91.7,86.67,85.08,100,82.21,93.76,95.57,98.33,,,91.3,,,,,,,,middleschool
a,12,m,ethiopian,ethiopia,no,6,paid,both,a lot,agree,strongly agree,strongly agree,private,bethel,15-,first child,2,beteseb academy,eth-lang,yes,8,authoritative,0,none,4.25,85.99,91.63,94.04,94.02,96.51,83.92,94.4,97.5,81.98,90.05,97,92.17,,,91.6,,,,,,,,middleschool
a,11,f,ethiopian,ethiopia,yes,6,paid,other,a lot,agree,strongly agree,strongly agree,private,bole,30-60,middle child,1,intellectual,eth-lang,yes,9,authoritative,0,none,4.25,66.96,73.72,80.12,90.09,70.44,60.17,51.3,96.5,60.44,84.38,98,93.92,,,77.2,,,,,,,,middleschool
c,12,m,ethiopian,ethiopia,no,6,paid,both,a lot,somehow agree,strongly agree,agree,private,anfo,15-30,middle child,1,rice,eth-lang,yes,8,authoritarian,0,none,3.75,78.09,88.13,66.42,68.36,72.2,80.75,73.16,94.75,52.51,82.97,96,89,,,78.5,,,,,,,,middleschool
a,12,m,american,foriegn_soil,yes,6,paid,mother,a lot,agree,strongly agree,agree,private,atena tera,15-30,first child,3,st francis,for-lang,yes,10,authoritarian,1,emotional,4,98.81,90.56,99.4,95.7,95.81,91,94.65,100,93.29,92.44,96,100,,,95.6,,,,,,,,middleschool
a,12,f,canadian,ethiopia,yes,6,paid,both,little,somehow agree,somehow agree,somehow agree,private,bole,15-30,first child,2,old lady rivers,eth-lang,yes,9,authoritarian,0,none,2.75,88.98,98.76,90.61,79.7,78.32,77.92,80.46,96,64.36,84.11,91.14,91.42,,,85.1,,,,,,,,middleschool
a,12,f,ethiopian,ethiopia,no,6,paid,both,a lot,strongly agree,strongly agree,strongly agree,service,sarbet,15-,middle child,2,neps,eth-lang,no,9.5,authoritarian,1,emotional,4.5,88.85,94.27,100,91.26,85.24,81.5,80.44,99,82.68,90.89,90.14,99,,,90.3,,,,,,,,middleschool
c,12,m,ethiopian,ethiopia,yes,6,paid,mother,a lot,agree,strongly agree,agree,private,torhailoch,15-30,first child,3,st joseph,for-lang,no,8.5,authoritative,1,physcological,4,80.91,70.93,73.71,64.41,82.73,67.92,52.1,95,52.68,84.44,91.43,87,,,75.3,,,,,,,,middleschool
a,11,f,american,foriegn_soil,no,6,paid,both,little,somehow agree,strongly agree,disagree,private,lebu,30-60,first child,3,neps,for-lang,yes,7,authoritative,1,emopsy,3,97.04,90.33,99.43,95.7,94.82,89,97.02,100,87.6,96.36,98.57,93.58,,,95,,,,,,,,middleschool
b,11,f,british,foriegn_soil,no,6,paid,both,a lot,agree,agree,strongly agree,private,welete,60+,first child,1,coleridge,for-lang,yes,9,authoritarian,0,none,4,88.5,78.78,99.43,78.64,73,82.92,87.14,86.75,66.11,86.25,95.14,96.08,,,84.9,,,,,,,,middleschool
c,12,m,ethiopian,ethiopia,no,6,paid,both,a lot,strongly agree,strongly agree,strongly agree,private,asco,15-30,middle child,2,jemo 2,eth-lang,yes,12,permissive,1,emotional,4.5,88.59,92.98,92.56,81.75,77.07,79.42,87.34,93.5,72.03,81.89,93,87.33,,,85.6,,,,,,,,middleschool
a,12,m,ethiopian,ethiopia,no,6,paid,both,a lot,agree,agree,agree,private,sarbet,30-60,first child,1,hilltops,eth-lang,no,9,authoritative,1,emotional,3.75,74.94,73.32,94.17,85.27,71.52,60,59.75,87,50.6,80.64,85.29,94,,,76.4,,,,,,,,middleschool
a,11,m,ethiopian,ethiopia,no,6,paid,both,a lot,strongly agree,strongly agree,strongly agree,private,sarbet,15-30,middle child,3,beteseb academy,eth-lang,no,8,authoritative,0,none,4.5,87.75,95.23,99.43,83.02,91.2,79.92,80.73,94,77.92,86.18,92.71,94.92,,,88.6,,,,,,,,middleschool
b,11,m,ethiopian,ethiopia,yes,6,paid,other,a lot,agree,agree,agree,service,kolfe,15-,first child,3,unity,for-lang,yes,9.5,authoritative,0,none,3.75,87.31,88.71,84.75,80.47,84.97,75.08,93.2,97.25,83.44,87.98,94.14,98.33,,,88,,,,,,,,middleschool
a,11,m,american,foriegn_soil,yes,6,paid,both,a lot,agree,agree,agree,private,asco,30-60,first child,2,neps,eth-lang,yes,12,authoritative,0,none,3.75,82.76,76.49,89.64,95.1,85.83,78.75,66.04,95,75.03,82.83,92.71,95.08,,,84.6,,,,,,,,middleschool
a,11,m,american,foriegn_soil,no,6,paid,mother,a lot,agree,strongly agree,agree,private,jemo,15-30,last child,3,lion heart,eth-lang,yes,10,authoritative,0,none,4,78.46,62.96,65.06,67.98,74.79,79.17,70.03,96,55.25,81.96,94.71,91.83,,,76.5,,,,,,,,middleschool
b,12,f,ethiopian,ethiopia,no,6,paid,both,a lot,agree,strongly agree,disagree,private,lebu,60+,middle child,3,intellectual,for-lang,yes,6.5,authoritative,1,emoxpsy,3.5,89.41,77.18,95.96,65.19,77.53,68.75,95.5,95.75,68.93,96.51,97.14,88.42,,,84.7,,,,,,,,middleschool
a,12,f,ethiopian,ethiopia,no,6,paid,both,a lot,somehow agree,agree,agree,private,kera,15-,first child,1,school of tomorrow,eth-lang,yes,7,authoritative,0,none,3.5,96.8,94.45,100,93.18,91.55,90.75,93.63,100,90.55,87.36,100,94.58,,,94.4,,,,,,,,middleschool
c,12,m,ethiopian,ethiopia,yes,6,paid,both,not much,somehow agree,strongly disagree,disagree,private,zenebework,15-30,middle child,3,school of nations,eth-lang,no,10.5,authoritative,0,none,1.75,84.11,91.13,86.8,81.82,74.11,82.42,77,98.75,58.64,78.52,93.86,94.33,,,83.5,,,,,,,,middleschool
a,12,m,ethiopian,ethiopia,yes,6,paid,both,a lot,strongly agree,strongly agree,strongly agree,private,bethel,15-30,first child,2,bikolos,for-lang,yes,8,authoritative,0,none,4.5,92.32,94.34,100,98.24,92.75,86.17,67.21,92.25,79.15,91.82,95,99.25,,,90.7,,,,,,,,middleschool
a,12,m,american,foriegn_soil,no,6,paid,both,a lot,strongly agree,strongly agree,strongly agree,private,lebu,30-60,last child,3,stanford,eth-lang,yes,10,authoritative,1,physical,4.5,97.68,95.91,97.63,101.84,97.14,86.25,98.25,96,90.94,95.51,96.14,98.75,,,96,,,,,,,,middleschool
a,12,m,american,foriegn_soil,no,6,paid,both,little,disagree,somehow agree,strongly disagree,private,bole,30-60,last child,3,school of science,for-lang,yes,10,authoritarian,1,none,2,95.8,98.59,90.25,80.69,93.42,92.75,97.09,100,86.18,94.1,96.57,96.58,,,93.5,,,,,,,,middleschool
a,12,f,american,foriegn_soil,yes,6,paid,other,little,strongly agree,strongly agree,strongly agree,service,wingate,15-30,first child,2,hieman,for-lang,yes,10,authoritative,0,none,4.25,91.98,95.94,52.37,73.23,83.66,82.75,91.36,100,64.06,89.24,93.86,76.1,,,82.9,,,,,,,,middleschool
a,13,f,ethiopian,ethiopia,yes,7,paid,both,a lot,strongly agree,strongly agree,agree,private,lafto,30-60,first child,1,school of tomorrow,eth-lang,yes,9,authoritative,1,none,4.25,82.71,96.69,86.73,85.83,91.18,77.12,78.54,100,76.36,93.73,98.54,88.5,91.07,82.49,87.8,,,,,,,,middleschool
a,13,m,ethiopian,ethiopia,no,7,paid,both,a lot,agree,agree,agree,private,ayertena,15-30,last child,0,rice,eth-lang,no,8,authoritarian,0,none,3.75,81.84,88.08,90.22,63.13,81.54,71.51,69.61,93.5,72.45,80.84,79.69,88.75,84.83,74.14,80,,,,,,,,middleschool
a,14,m,ethiopian,ethiopia,yes,7,scholarship,both,a lot,agree,agree,somehow agree,public,asco,30-60,first child,0,lelisies talent,eth-lang,yes,7,authoritative,1,physical,3.5,83.38,96.63,94.67,99.61,92.95,93.09,89.86,96.5,84.46,83.42,96.62,118.5,99.33,83.57,93.8,,,,,,,,middleschool
a,14,f,ethiopian,ethiopia,yes,7,paid,both,a lot,strongly agree,strongly agree,strongly agree,service,ayat,30-60,middle child,2,gibson,eth-lang,yes,8.5,authoritative,0,none,4.5,80.54,99.81,94.28,92.09,90.45,76.42,87.3,98,82.04,88.21,94.15,98.25,91.28,84.01,89.8,,,,,,,,middleschool
a,14,f,ethiopian,ethiopia,yes,7,scholarship,both,a lot,strongly agree,strongly agree,strongly agree,foot,kolfe,15-30,first child,3,meseret edget,eth-lang,yes,4.5,authoritative,0,none,4.5,77,99.81,95.56,100,93.15,92.25,90.91,94.25,82.71,79.99,98.54,99.25,90.4,86.33,91.4,,,,,,,,middleschool
a,13,m,ethiopian,ethiopia,no,7,paid,both,a lot,agree,agree,agree,private,bole,15-30,middle child,3,gibson,eth-lang,no,9,authoritative,0,none,3.75,77.06,91.59,86.34,79.79,82.27,87.01,83.07,92,78.63,82.98,97.08,93.5,87.72,83.98,85.9,,,,,,,,middleschool
a,13,f,ethiopian,ethiopia,no,7,paid,both,a lot,strongly agree,strongly agree,strongly agree,service,mekanisa,15-30,first child,2,neps,eth-lang,no,9,authoritative,1,physical,4.5,89.13,96.14,95.56,84.32,89.56,74.02,84.51,94.5,81.51,72.56,93.62,82.5,87.53,78.97,86,,,,,,,,middleschool
a,12,m,ethiopian,ethiopia,yes,7,scholarship,both,a lot,somehow agree,somehow agree,somehow agree,public,ayertena,15-30,first child,1,biruh tesfa,eth-lang,no,8.5,authoritarian,0,none,3,92.48,99.44,95.56,100,95.53,91.58,88.04,99.25,77.59,82.03,97.08,94.5,91.51,88.5,92.4,,,,,,,,middleschool
a,14,f,ethiopian,ethiopia,yes,7,scholarship,both,a lot,agree,agree,agree,public,jemo,60+,middle child,0,jemo 2,eth-lang,yes,7,authoritative,0,none,3.75,90.39,100,95.11,100,93.56,96.34,89.58,98.25,86.28,87.12,98.54,99.75,90.4,89,93.9,,,,,,,,middleschool
a,12,f,american,foriegn_soil,no,7,paid,mother,a lot,strongly agree,strongly agree,agree,private,kality,30-60,first child,2,herbert hoover,for-lang,yes,8,authoritarian,0,none,4.25,97.4,96.83,85.79,71.87,88.67,72.98,83.62,96,61.74,93.64,90.15,94.5,78.15,73.82,84.7,,,,,,,,middleschool
a,12,f,ethiopian,ethiopia,no,7,paid,both,little,agree,strongly agree,agree,private,anfo,15-30,first child,1,one planet,eth-lang,yes,8,authoritative,1,none,3.75,91.98,91.43,90.56,70.58,87.84,89.76,76.85,97.75,76.26,81.65,95.08,93,89.96,86.36,87.1,,,,,,,,middleschool
a,12,m,ethiopian,ethiopia,yes,7,paid,both,a lot,strongly agree,strongly agree,strongly agree,private,german square,15-30,first child,0,gibson,eth-lang,no,8,authoritative,0,none,4.5,87.61,95.52,95.11,82.11,90.1,80.08,77.21,98.25,62.3,79.38,93.54,91.5,88.2,83.41,86,,,,,,,,middleschool
a,13,f,ethiopian,ethiopia,no,7,paid,both,a lot,agree,agree,disagree,private,jemo,30-60,middle child,1,bgis,eth-lang,yes,8,authoritarian,0,none,3.25,95,92.55,90.02,81.38,95.87,87.84,86.3,97,70.17,91.94,96.54,94.25,91.29,86.98,89.8,,,,,,,,middleschool
a,12,f,ethiopian,foriegn_soil,no,7,paid,both,a lot,strongly agree,strongly agree,strongly agree,private,lebu,15-30,last child,1,intellectual,eth-lang,no,8,authoritative,0,none,4.5,80.08,86.55,93.47,81.38,84.52,80.71,79.68,94.75,58.12,86.31,82.54,90.25,91.29,82.94,83.8,,,,,,,,middleschool
a,13,f,ethiopian,ethiopia,no,7,scholarship,both,a lot,strongly agree,strongly agree,strongly agree,service,jemo,30-60,middle child,3,jemo 2,eth-lang,no,8,authoritative,0,none,4.5,77.26,97.24,95.56,100,91.34,89.58,82.34,95.5,82.47,77.7,100,98,89.06,89.86,90.4,,,,,,,,middleschool
b,13,f,ethiopian,ethiopia,no,7,scholarship,both,a lot,strongly agree,strongly agree,agree,private,kazanchis,15-,last child,2,neps,eth-lang,yes,8.5,authoritative,1,none,4.25,87.76,94.61,83.88,84.38,89.74,72.2,69.76,100,66.01,79.9,89.62,95.25,88.61,85.58,84.8,,,,,,,,middleschool
a,12,f,ethiopian,ethiopia,no,7,scholarship,both,a lot,strongly agree,strongly agree,strongly agree,private,bole michael,30-60,first child,3,prestigious youth,eth-lang,yes,7.5,authoritative,1,none,4.5,96.69,98.96,95.56,87.43,96.55,89.89,88.36,94.75,83.92,88.55,93.9141592920354,98.5,90.29,82.13,91.7,,,,,,,,middleschool
a,14,m,ethiopian,ethiopia,yes,7,scholarship,other,a lot,agree,strongly agree,strongly agree,public,jemo,30-60,first child,2,abay,eth-lang,no,9,authoritative,0,none,4.25,65.73,99.63,99.43,100,89.79,90.47,80.14,87.25,87.17,92.36,101.91,92.5,84.88,92.63,90.3,,,,,,,,middleschool
a,12,f,ethiopian,ethiopia,no,7,paid,both,little,somehow agree,strongly agree,strongly agree,public,gotera,15-,last child,0,rice,eth-lang,yes,8,authoritative,0,none,3.75,81.49,95.59,90.37,84.22,84.36,63.22,73.04,98,55.74,93.62,89.33,62,75.29,75.64,80.1,,,,,,,,middleschool
a,12,f,american,foriegn_soil,no,7,paid,mother,a lot,strongly agree,strongly agree,strongly agree,private,jemo,15-30,first child,1,rice,eth-lang,yes,8,authoritative,0,none,4.5,71.32,92.56,84.6,81.96,82.24,71.34,79.56,92,69.39,92.9,95.29,90,84,89.05,84,,,,,,,,middleschool
a,13,f,ethiopian,ethiopia,yes,7,scholarship,both,a lot,strongly agree,strongly agree,strongly agree,service,jemo,30-60,first child,2,jemo 2,eth-lang,no,10,authoritative,0,none,4.5,78.4,99.63,100,100,96.06,94.08,79.45,99,87.14,88.43,103.29,100,86.15,97.35,93.5,,,,,,,,middleschool
a,12,m,ethiopian,ethiopia,no,7,paid,both,a lot,strongly agree,agree,strongly agree,private,lebu,15-30,last child,2,intellectual,eth-lang,no,9,authoritative,0,none,4.25,82.6,89.38,95.31,88.53,91.45,87.35,90.29,96.25,94.87,93.67,100.29,97,92.94,92.41,92.3,,,,,,,,middleschool
b,12,m,ethiopian,foriegn_soil,no,7,paid,both,a lot,agree,agree,agree,service,gerji,30-60,middle child,2,rice,for-lang,yes,7,authoritarian,1,emotional,3.75,87.3,94.42,83.1,77.56,85.38,77.78,76.86,93.75,78.74,85.02,87,85,85.78,87.88,84.7,,,,,,,,middleschool
a,12,f,ethiopian,ethiopia,yes,7,paid,both,a lot,strongly agree,strongly agree,agree,private,german square,30-60,middle child,0,intellectual,eth-lang,yes,8.5,authoritative,0,none,4.25,91.43,97.3,93.89,88.59,87.28,85.48,86.25,93.75,90.67,92.86,89.57,92,87.45,92.86,90.7,,,,,,,,middleschool
a,13,m,ethiopian,ethiopia,no,7,paid,both,a lot,strongly agree,strongly agree,strongly agree,private,bethel,15-,first child,3,beteseb academy,eth-lang,yes,9,authoritarian,0,none,4.5,91.96,98.6,96,94.66,92.43,93.72,86.02,98.75,93.37,95.93,96.29,99,93.9,93.75,94.6,,,,,,,,middleschool
a,12,f,ethiopian,ethiopia,yes,7,paid,both,a lot,strongly agree,strongly agree,strongly agree,private,jemo,15-30,middle child,2,neps,eth-lang,yes,9,authoritative,0,none,4.5,90.62,90.01,97.71,84.77,88.34,89.54,80.5,98.5,84.43,92.86,96.29,98.5,91.28,90.85,91,,,,,,,,middleschool
c,13,f,american,foriegn_soil,yes,7,paid,mother,a lot,agree,somehow agree,agree,private,old airport,15-,middle child,3,lycee,for-lang,yes,10,authoritative,0,none,3.5,80.99,95.71,77.86,70.08,76.59,63.29,65.63,96.25,60.64,93.07,85.04,86.5,77.42,82.6,79.4,,,,,,,,middleschool
a,12,f,american,foriegn_soil,yes,7,paid,both,a lot,strongly agree,agree,somehow agree,private,sarbet,15-30,first child,0,greek school,for-lang,yes,6,authoritarian,1,phyemo,3.75,85.38,88.95,97.69,75.89,92.74,80.22,84.72,100,81.89,92.47,92.29,92,92.62,91.96,89.2,,,,,,,,middleschool
a,12,f,ethiopian,ethiopia,yes,7,paid,both,not much,agree,agree,somehow agree,private,gulele,15-30,middle child,2,neps,eth-lang,no,7.5,authoritative,0,none,3,79.71,98.04,100,93.65,93.7,88.49,77.47,96.75,79.81,91.29,102.29,99,88.83,90.4,91.4,,,,,,,,middleschool
a,14,f,ethiopian,ethiopia,no,7,scholarship,both,a lot,strongly agree,agree,agree,service,jemo,30-60,middle child,2,jemo 2,eth-lang,no,7,authoritarian,0,none,4,73.82,99.82,100,100,88.46,94.4,84.46,96.25,82.88,85.07,104.29,99.5,89.36,88.84,91.9,,,,,,,,middleschool
b,12,f,ethiopian,ethiopia,yes,7,paid,both,a lot,agree,strongly agree,agree,private,german square,15-30,first child,3,flipper,eth-lang,yes,9,authoritative,0,none,4,90.67,90.45,90.68,90.65,89.93,75.27,86.09,95.5,82.1,86.36,93.29,95.5,87.42,88.3,88.7,,,,,,,,middleschool
b,13,f,american,foriegn_soil,no,7,paid,both,a lot,agree,strongly agree,agree,service,cmc,60+,middle child,0,flipper,eth-lang,yes,8.5,authoritative,0,none,4,79.96,95.25,90.31,84.26,84.83,71.98,63.26,93.5,74.96,84.1,104.29,97.5,87.05,85.34,85.5,,,,,,,,middleschool
a,13,m,ethiopian,ethiopia,no,7,paid,mother,a lot,strongly agree,strongly agree,strongly agree,private,bole bulbula,30-60,first child,2,kb academy,eth-lang,yes,9,authoritative,0,none,4.5,96.14,91.16,100,92.62,90.27,92.08,97.07,98.5,76.16,96.21,100.29,95,91.58,98.44,94,,,,,,,,middleschool
a,13,m,ethiopian,ethiopia,yes,7,paid,both,a lot,agree,agree,agree,private,german square,15-30,first child,2,gibson,eth-lang,yes,5,authoritarian,0,none,3.75,61.27,82.1,94.84,79.23,72.01,64.29,54.86,91.25,56.82,77.95,96.29,88.5,78.43,80.76,77,,,,,,,,middleschool
a,12,f,ethiopian,ethiopia,no,7,paid,both,a lot,strongly agree,strongly agree,agree,private,haile garment,30-60,first child,2,school of nations,eth-lang,yes,9,authoritative,0,none,4.25,99.17,99.63,100,95.36,96.19,95.5,91.92,98.5,92.17,96.79,100.33,90.5,95.16,92.59,96,,,,,,,,middleschool
b,13,f,ethiopian,ethiopia,no,7,paid,mother,a lot,strongly agree,strongly agree,strongly agree,private,sarbet,15-30,first child,0,spring of knowledge,eth-lang,yes,8.5,permissive,0,none,4.5,72.2,87.3,98.2,86.39,80.59,66.48,70.65,96.5,78.33,96.62,77.86,91,84.12,79.44,83.3,,,,,,,,middleschool
a,13,f,ethiopian,ethiopia,yes,7,scholarship,both,not much,strongly agree,strongly agree,somehow agree,private,ayertena,15-30,middle child,1,beteseb academy,eth-lang,no,9,authoritative,0,none,3.5,91.45,99.63,100,94.76,93.82,98.97,87.63,99.75,100.28,95.29,101.29,99.5,93.24,89.67,96.1,,,,,,,,middleschool
b,14,m,ethiopian,ethiopia,yes,8,paid,both,a lot,agree,agree,agree,private,lebu,15-30,last child,3,intellectual,for-lang,yes,7,uninvolved,0,none,3.75,83,58.42,98.25,58.51,76.09,67.79,62.7,93.25,65.34,80.81,78.95,85.25,72.33,73.25,75.3,,,,,,,,middleschool
b,15,m,ethiopian,ethiopia,yes,8,paid,other,a lot,strongly agree,agree,strongly disagree,service,haile garment,30-60,first child,3,lesperance,eth-lang,yes,8.5,authoritative,0,none,3.25,63.75,68.16,55,57.61,41.19,58.36,59.53,77,60.1,52.51,68.64,43,72.43,75.68,60.9,,,,,,,,middleschool
a,14,f,american,ethiopia,no,8,paid,both,a lot,strongly agree,strongly agree,strongly agree,private,bole,15-30,first child,1,school of science,for-lang,yes,8,authoritarian,0,none,4.5,97.2,99.1,98.68,69.32,90.52,87.86,85.62,99.7,86.59,99.13,96.2,88.75,75.78,87,90.1,,,,,,,,middleschool
a,12,f,ethiopian,ethiopia,no,8,paid,both,a lot,strongly agree,strongly agree,somehow agree,private,bole bulbula,30-60,last child,2,school of nations,eth-lang,yes,8,authoritarian,0,none,4,98.5,93.81,99.4,94.23,96.07,95.18,95,96.7,92.6,96.06,97.3,95.75,91.18,97,95.6,,,,,,,,middleschool
a,14,m,ethiopian,ethiopia,no,8,scholarship,both,a lot,agree,agree,strongly agree,service,kality,60+,first child,3,akaki kality menbere,eth-lang,no,6,authoritative,0,none,4,88.9,96.82,100,100,96.92,92.9,94,97.6,90.42,95.47,95.59,96,91.4,96.25,95.2,,,,,,,,middleschool
a,14,f,ethiopian,ethiopia,no,8,scholarship,mother,a lot,strongly agree,agree,agree,public,gofa gabriel,30-60,last child,3,netsanet chora,eth-lang,no,9,authoritative,0,none,4,75.1,92.99,98.26,97.23,88.15,80.47,74.99,88.5,73.13,91.04,85.79,95,80.2,91.5,86.6,,,,,,,,middleschool
a,14,f,ethiopian,ethiopia,no,8,paid,mother,little,strongly agree,agree,strongly agree,private,kara kore,30-60,first child,0,beteseb academy,eth-lang,yes,8,authoritative,0,none,4,96.45,94.05,99.43,99.14,89.46,84.74,88.79,97.9,86.49,95.25,88.48,97.25,88.58,97,93.1,,,,,,,,middleschool
b,14,f,ethiopian,ethiopia,no,8,scholarship,mother,a lot,strongly agree,agree,somehow agree,service,lafto,30-60,last child,1,emmanuel,eth-lang,yes,7,authoritarian,0,none,3.75,86.7,93.21,98.29,98.29,90.03,91.53,88.1,92.15,78.95,91.31,91.97,95,87.4,88.63,90.8,,,,,,,,middleschool
a,14,m,ethiopian,ethiopia,no,8,scholarship,both,a lot,strongly agree,strongly agree,strongly agree,service,jemo,30-60,first child,2,jemo 2,eth-lang,no,8.5,authoritative,0,none,4.5,88.75,97.2,100,100,99.33,96.65,93.89,95.5,93.66,94.12,94.48,99,93.2,94.92,95.8,,,,,,,,middleschool
a,13,f,ethiopian,ethiopia,yes,8,paid,both,a lot,agree,somehow agree,somehow agree,private,paulos,30-60,first child,2,neps,eth-lang,yes,10,authoritative,0,none,3.25,94.35,91.8,100,95.02,90.35,87.53,86.07,98.5,87.26,93.02,94.42,97,85.33,92.83,92.4,,,,,,,,middleschool
a,14,m,ethiopian,ethiopia,no,8,paid,both,little,agree,strongly agree,agree,private,sarbet,15-,middle child,3,intellectual,eth-lang,yes,8.5,authoritative,0,none,3.75,88.5,78.43,92.31,86.68,81.76,80.11,86.92,95.2,80.34,95.69,96.32,93,81.28,88.57,87.5,,,,,,,,middleschool
a,14,f,ethiopian,ethiopia,no,8,scholarship,both,a lot,strongly agree,agree,somehow agree,public,gelan,60+,middle child,0,abay,eth-lang,yes,5.5,authoritative,1,none,3.75,80.75,93.51,98.86,93.34,85.68,79.68,82.91,95.25,70.39,88.76,80.89,95.25,83.25,93.42,87.3,,,,,,,,middleschool
c,13,f,ethiopian,ethiopia,yes,8,paid,both,not much,somehow agree,somehow agree,disagree,private,zenebework,15-30,first child,1,school of nations,eth-lang,yes,7,authoritarian,0,none,2.25,88.55,88.5,95.23,98.29,86.51,78.98,77.11,92.7,81.32,86.79,96.2,90.5,92.85,88.63,88.7,,,,,,,,middleschool
a,14,m,ethiopian,ethiopia,no,8,scholarship,both,little,agree,somehow agree,agree,public,jemo,30-60,middle child,0,abay,eth-lang,no,8,authoritative,0,none,3.25,89.25,97.51,100,99.9,99.33,96.58,96.79,95.2,92.83,96.19,97.05,97.75,91.43,97,96.2,,,,,,,,middleschool
a,14,m,ethiopian,ethiopia,yes,8,paid,both,little,agree,somehow agree,somehow agree,private,lebu,30-60,middle child,1,southwest,eth-lang,yes,7.5,authoritative,1,phyemopsy,3,93.1,88.72,100,87.49,89,92.97,87.58,94.65,79.21,96.62,99.02,99,81.13,92.08,91.5,,,,,,,,middleschool
a,14,f,american,foriegn_soil,yes,8,paid,mother,a lot,disagree,somehow agree,strongly disagree,private,sarbet,15-30,first child,3,bingham,eth-lang,yes,6,authoritarian,0,none,2.25,95,100,68.2,52.74,87.5545614035088,76.16,77.45,95.5,79.66,100,93.9141592920354,93.6798245614035,,,82.7,,,,,,,,middleschool
a,14,m,ethiopian,ethiopia,yes,8,scholarship,both,little,disagree,agree,agree,public,china camp,30-60,middle child,1,abay,eth-lang,no,8,authoritative,1,phy,3,93.02,94.81,99.43,100,95.13,84.79,87.3,88.1,89.99,97.37,98.93,96,88.6,96.25,93.6,,,,,,,,middleschool
a,12,m,ethiopian,ethiopia,no,8,paid,mother,a lot,strongly agree,agree,strongly disagree,private,bole,15-30,first child,1,future talent,for-lang,yes,9,authoritarian,1,none,3.25,101.05,86.67,98.86,93.45,93.47,87.09,83.67,95,91.89,99.21,80.93,97.25,87.95,94.17,92.2,,,,,,,,middleschool
a,14,m,ethiopian,ethiopia,yes,8,scholarship,both,a lot,somehow agree,agree,agree,public,haile garment,60+,last child,3,kotari,eth-lang,no,7,authoritarian,1,phy,3.5,83.39,89.62,98.36,100,95.04,84.23,82.95,87.1,87.18,93.37,100,94.75,89.2,91.33,91.2,,,,,,,,middleschool
a,14,f,ethiopian,ethiopia,yes,8,scholarship,both,a lot,strongly agree,strongly agree,strongly agree,service,tulu dimtu,30-60,middle child,1,nowzes,eth-lang,yes,10,authoritative,1,none,4.5,96.52,92.59,99.43,93.34,83.58,93.13,92.44,90.7,82.8,98.8,94.43,98.75,87.65,94.17,92.7,,,,,,,,middleschool
a,14,f,ethiopian,ethiopia,no,8,paid,both,a lot,strongly agree,agree,strongly agree,private,lebu,30-60,middle child,1,intellectual,eth-lang,yes,10,authoritative,0,none,4.25,103.32,90.72,100,84.83,96.25,88.74,93.68,99.4,96.66,99.14,99.14,99,91,94.92,95.5,,,,,,,,middleschool
a,14,f,ethiopian,ethiopia,yes,8,paid,both,a lot,strongly agree,strongly agree,strongly agree,private,lebu,30-60,first child,2,school of nations,eth-lang,yes,9,authoritative,0,none,4.5,100.02,86.47,99.43,83.69,95.69,79.47,84.65,97.2,85.08,100,96.57,98,89.85,89.67,91.8,,,,,,,,middleschool
a,14,m,ethiopian,ethiopia,yes,8,paid,both,a lot,strongly agree,strongly agree,somehow agree,service,kality,30-60,last child,3,gibson,eth-lang,yes,8,authoritative,0,none,4,99.78,87.33,99.75,99.9,91.58,77.98,88.36,96.8,92.15,97.64,96.79,97.25,88.2,92.08,93.3,,,,,,,,middleschool
a,14,f,ethiopian,ethiopia,no,8,scholarship,both,a lot,agree,strongly agree,agree,service,jemo,30-60,first child,1,jemo 2,eth-lang,no,8,authoritative,0,none,4,96.71,94.71,100,100,94.45,89.94,91.68,96.5,91.51,95.89,100,99,92.8,92.88,95.4,,,,,,,,middleschool
a,14,m,ethiopian,ethiopia,yes,8,paid,both,a lot,agree,agree,somehow agree,private,jemo,30-60,middle child,3,beteseb academy,eth-lang,yes,8,authoritative,0,none,3.5,95.84,86.42,95.69,74.21,84.67,96.38,82.69,85.15,74.71,92.34,96.14,88,93.4,95.67,88.7,,,,,,,,middleschool
c,13,f,american,foriegn_soil,no,8,paid,mother,little,somehow agree,strongly disagree,somehow agree,private,bole,30-60,first child,1,hilltops,eth-lang,yes,9.5,authoritarian,0,none,2.25,89.56,96.31,88,79.97,74.9,70.63,65.71,99.75,77.22,95.94,96.14,89.75,78.5,85.57,84.9,,,,,,,,middleschool
a,14,f,ethiopian,ethiopia,no,8,paid,both,little,somehow agree,strongly agree,agree,private,weyra,30-60,first child,1,neps,eth-lang,no,9,authoritative,0,none,3.5,99.18,93.37,99.5,99.83,94.29,95.04,95.08,99.75,93.98,94.06,96.57,96.75,91.75,96.25,96.1,,,,,,,,middleschool
c,13,f,american,foriegn_soil,no,8,paid,both,a lot,somehow agree,somehow agree,somehow agree,private,gola,15-30,first child,0,online,eth-lang,yes,8,authoritarian,0,none,3,101.19,94.12,94.77,64.87,82.84,71.97,61.3,100.5,71.61,97.09,92.71,95.5,75.85,76.93,84.4,,,,,,,,middleschool
b,12,f,american,foriegn_soil,yes,8,paid,mother,a lot,agree,somehow agree,strongly disagree,private,kality,60+,middle child,3,lycee,eth-lang,yes,5.5,authoritarian,1,psyemo,2.75,98.03,73.81,94.31,46.71,74.06,69.84,64.1,101.65,69.54,97.44,100,86,85.6,78.07,81.4,,,,,,,,middleschool
b,14,f,ethiopian,ethiopia,yes,8,scholarship,other,a lot,strongly agree,strongly agree,strongly agree,service,kality,60+,first child,0,abay,eth-lang,yes,8,authoritative,1,none,4.5,81.06,92.77,96.89,93.37,82.77,76.6,78.98,98.05,78.66,93.7,98.07,97.5,86.8,84.89,88.6,,,,,,,,middleschool
b,15,m,ethiopian,ethiopia,no,9,paid,both,little,agree,agree,somehow agree,public,zenebework,30-60,middle child,2,passion,eth-lang,no,7,authoritative,0,phy,3.25,93.67,96.58,,,71.31,70.56,,,,,64.9,,44.7,72.76,74.3,76.75,66.37,73.02,72.19,87.43,76.26,72.6,highschool
a,14,m,ethiopian,ethiopia,no,9,paid,both,little,agree,strongly agree,somehow agree,private,zenebework,15-,middle child,3,gibson,eth-lang,no,7.5,authoritative,0,none,3.5,94.33,84.84,,,80.42,62.57,,,,,86,,77.2,70.85,77.9,77.52,69.77,74.17,81.65,76.48,77.16,75.9,highschool
a,14,m,ethiopian,ethiopia,no,9,scholarship,both,a lot,strongly agree,strongly agree,strongly agree,public,cmc,30-60,first child,3,dr bekele,eth-lang,no,7.5,authoritative,0,none,4.5,91.67,97.18,,,94.27,97.16,,,,,89.5,,97.9,85.77,92.2,88.27,96.27,95.33,83.4,93.05,88.76,92.6,highschool
a,15,f,ethiopian,ethiopia,no,9,paid,both,a lot,strongly agree,strongly agree,strongly agree,service,megenagna,30-60,last child,3,magic carpet,eth-lang,no,8,permissive,1,none,4.5,91,96.15,,,88.55,72.55,,,,,84,,76.7,67.95,80.8,73.81,79.35,78.5,75.03,83.81,83.16,78.1,highschool
a,14,m,ethiopian,ethiopia,yes,9,paid,both,a lot,agree,agree,agree,private,bole bulbula,30-60,middle child,0,school of nations,eth-lang,no,8.5,authoritative,0,none,3.75,97.67,94.1,,,92.66,90.6,,,,,93.25,,71.97,76.69,87.5,91.77,84.72,85.04,84.3,88.48,85.66,84.9,highschool
a,15,f,ethiopian,ethiopia,yes,9,paid,both,a lot,agree,somehow agree,agree,private,piassa,15-30,first child,0,ethio-parents,eth-lang,no,7.5,authoritative,0,none,3.5,95.67,92.73,,,90.39,82.26,,,,,85.25,,76.33,72.29,85.3,91.77,82.97,80.54,79.73,88.19,90.56,82.2,highschool
a,14,f,british,ethiopia,yes,9,scholarship,both,a lot,agree,strongly agree,strongly agree,private,old airport,15-,last child,2,greek school,for-lang,yes,8,authoritative,0,none,4.25,99.33,150.03,,,87.11,60.26,,,,,88.25,,68.87,53.91,84.7,90.77,75.97,77.88,77.15,79.33,91.96,74.1,highschool
c,15,m,american,ethiopia,yes,9,paid,both,little,agree,agree,somehow agree,private,gulele,15-30,last child,3,greek school,eth-lang,yes,8,authoritarian,0,none,3.25,91,78.69,,,83.55,70.76,,,,,89.5,,72.77,73.57,79.4,81.94,73.32,71.88,81.2,73.4,90.26,76,highschool
a,15,m,ethiopian,ethiopia,no,9,scholarship,both,little,agree,somehow agree,agree,service,jemo,30-60,middle child,3,stanford,eth-lang,no,7.5,authoritative,0,none,3.25,94.33,91.55,,,79.65,60.35,,,,,90.25,,64.33,72.63,77.2,69.02,67.59,74.88,73.86,76.62,88.36,73.1,highschool
a,14,m,american,ethiopia,yes,9,paid,father,a lot,somehow agree,somehow agree,somehow agree,private,bethel,15-,last child,0,briscoe junior high,for-lang,yes,9,authoritative,0,none,3,94.67,92.5,,,77.41,64.79,,,,,92.5,,71.7,61.99,79.2,86.02,67.02,78.21,79.74,86.75,75.76,75.6,highschool
a,14,m,ethiopian,ethiopia,no,9,paid,both,a lot,strongly agree,agree,strongly agree,private,bethel,15-,first child,1,beteseb academy,eth-lang,yes,10,authoritative,0,none,4.25,98.33,95.55,,,95.38,89.48,,,,,88.75,,85.5,74.54,88.5,87.52,87.54,84.04,83.69,91.05,89.36,86.8,highschool
a,15,f,ethiopian,ethiopia,no,9,paid,both,a lot,strongly agree,strongly agree,strongly agree,service,jemo,30-60,last child,2,jemo 2,eth-lang,no,7,authoritative,0,none,4.5,98.33,97.61,,,90.76,92.95,,,,,89,,91.7,82.61,92.4,92.27,100,89.21,92.14,92.86,92.06,92.5,highschool
a,14,f,ethiopian,ethiopia,yes,9,paid,mother,little,somehow agree,somehow agree,disagree,private,sarbet,15-,first child,2,intellectual,for-lang,no,6,authoritarian,0,none,2.5,96.67,74.09,,,85.95,62.7,,,,,87.75,,71.57,64.62,79.2,89.68,74.93,74.88,76.67,84.95,85.56,75.9,highschool
a,15,f,ethiopian,ethiopia,no,9,paid,both,a lot,agree,agree,agree,private,piassa,15-30,first child,2,reach ic,eth-lang,yes,7,authoritative,0,none,3.75,94.67,84.37,,,85.36,70.89,,,,,83.75,,73.87,70.29,81,87.13,83.74,74.21,73.8,80.38,90.66,77.7,highschool
a,15,f,ethiopian,ethiopia,no,9,paid,both,a lot,strongly agree,strongly agree,strongly agree,private,german square,30-60,first child,3,intellectual,eth-lang,no,8,authoritative,0,none,4.5,99,88.6,,,93.34,93.37,,,,,90.5,,93.07,79.76,91.6,94.77,91.46,95.33,86.4,92.76,92.06,91.4,highschool
a,15,f,ethiopian,ethiopia,no,9,scholarship,both,a lot,strongly agree,agree,agree,public,lafto,30-60,last child,1,tehadiso,eth-lang,no,8,authoritarian,1,none,4,96.67,100,,,91.74,93.42,,,,,92,,88.67,81.94,92.6,92.27,97.8,92.67,90.99,93.05,92.16,91.9,highschool
b,15,m,ethiopian,ethiopia,no,9,paid,both,not much,disagree,somehow agree,disagree,private,total,15-,first child,3,neps,for-lang,no,9,authoritarian,1,none,2,89.33,80.27,,,77.9,59.72,,,,,91,,73.33,69.02,75.2,69.02,67.5,70.67,73.97,73,83.26,72.1,highschool
a,14,f,ethiopian,ethiopia,no,9,paid,both,a lot,somehow agree,agree,somehow agree,private,jemo,15-30,first child,2,neps,eth-lang,no,7,authoritative,0,none,3.25,98.33,95.95,,,91.32,83.44,,,,,89.25,,87.5,74.58,89.8,94.77,89.88,90.33,86.93,92.1,93.26,87.9,highschool
b,14,m,ethiopian,ethiopia,yes,9,paid,both,a lot,agree,strongly agree,disagree,private,german square,30-60,first child,3,intellectual,eth-lang,yes,7,authoritarian,1,phyemo,3.5,95.67,89.24,,,84.73,79.32,,,,,89,,77,69.63,83.3,80.52,75.71,82.67,83.33,92.38,83.96,82,highschool
c,15,m,ethiopian,ethiopia,no,9,paid,father,a lot,somehow agree,disagree,somehow agree,private,summit,60+,first child,3,andinet,eth-lang,yes,8,authoritarian,1,none,2.75,94.67,81.73,,,79.43,63.72,,,,,87.25,,66.37,63.34,74,74.52,64.79,73.83,65.05,75.62,71.96,70.9,highschool
a,18,m,ethiopian,ethiopia,no,9,scholarship,other,a lot,strongly agree,strongly agree,strongly agree,on foot,jemo,60+,first child,3,jemo 2,eth-lang,no,7,authoritative,0,none,4.5,93.33,96.31,,,89.28,80.76,,,,,89,,87.47,79.96,87.5,86.52,85.29,85.33,85.88,87.14,91.46,85.6,highschool
a,14,f,ethiopian,ethiopia,yes,9,paid,both,a lot,strongly agree,agree,somehow agree,private,gerji,30-60,last child,3,flipper,eth-lang,yes,7,authoritative,0,phys,3.75,98.67,87.55,,,93.55,84.63,,,,,90.25,,80.8,78.74,89.4,94.77,90.05,87.83,89.23,92.38,93.86,87.8,highschool
a,15,f,ethiopian,ethiopia,no,9,scholarship,both,a lot,strongly agree,strongly agree,agree,service,lafto,60+,last child,2,bgis,eth-lang,no,5.5,authoritative,0,none,4.25,97,98.78,,,99.31,94.02,,,,,94.9,,92.13,84.41,94.6,91.77,98.46,90.83,94.49,95.05,98.56,93.3,highschool
a,15,m,ethiopian,ethiopia,yes,9,paid,both,little,somehow agree,somehow agree,somehow agree,private,ayertena,15-30,first child,3,school of tomorrow,eth-lang,no,8,authoritative,1,physical,2.75,92.67,89.95,,,89.14,72.24,,,,,82.25,,81.33,70.86,82.9,84.77,76.86,77.33,87.29,82.57,91.06,80.1,highschool
a,14,m,ethiopian,ethiopia,no,9,paid,both,a lot,agree,strongly agree,somehow agree,private,furi,30-60,first child,2,flipper,eth-lang,yes,7,authoritarian,0,none,3.75,92.4,83.73,,,88.4888304093567,83.67,,,,,94.32,,63.33,81.25,84.6,81.38,79.36,96.33,88.38,87.9480116959065,86.72,83.5,highschool
a,14,m,ethiopian,ethiopia,no,9,paid,both,a lot,strongly agree,strongly agree,somehow agree,private,lebu,30-60,first child,3,gibson,eth-lang,no,7,authoritative,0,none,4,97,98,,,87.15,91.21,,,,,94,,87.49,80.48,92,95.5,95.73,92.17,89.08,92,96.4,90.6,highschool
a,14,f,ethiopian,ethiopia,yes,9,paid,both,a lot,agree,strongly agree,somehow agree,private,zenebework,15-30,middle child,2,gibson,eth-lang,yes,7.5,authoritative,0,none,3.75,97.33,87.51,,,72.06,76.65,,,,,93.25,,87.73,74.29,86.9,97.5,91.88,78.67,86.39,90.38,96.16,85.4,highschool
a,16,m,ethiopian,ethiopia,no,9,scholarship,mother,a lot,strongly agree,agree,strongly agree,public,mercato,30-60,last child,2,kale,eth-lang,no,6,authoritative,0,emotional,4.25,98,100,,,98.53,100,,,,,95.5,,100,97.9,98.3,97.5,100,100,97.49,96.1,97.4,98.7,highschool
a,15,f,ethiopian,ethiopia,no,9,paid,both,a lot,strongly agree,strongly agree,agree,service,legetafo,30-60,first child,0,gibson,eth-lang,yes,8,authoritative,1,none,4.25,95.33,91.47,,,79.29,75.01,,,,,90,,75.1,73.78,85.9,93.5,87.93,80.67,89.02,90.57,95.15,83.4,highschool
a,15,m,ethiopian,ethiopia,no,9,paid,both,a lot,strongly agree,strongly agree,strongly agree,private,cmc,60+,first child,2,andinet,eth-lang,yes,9,authoritative,0,none,4.5,79,93.29,,,77.26,71.36,,,,,89.25,,79.73,72.92,79.1,77.15,68.98,77,74.59,77.71,89.69,75.2,highschool
b,14,f,american,ethiopia,yes,9,paid,both,little,agree,agree,disagree,private,german square,15-30,last child,3,intellectual,for-lang,yes,7,authoritative,1,-,3,81.67,60.04,,,77.72,60.68,,,,,73.68,,60.43,58.95,70.7,80,66.47,68.83,72.89,74.65,83.14,68.1,highschool
b,14,f,ethiopian,ethiopia,yes,9,paid,both,little,agree,agree,disagree,private,sarbet,15-30,first child,3,rice,for-lang,yes,7,authoritative,1,-,3,95,90.8,,,75.04,60.09,,,,,75.93,,68.42,59.41,75.7,83.33,63.9,72.67,77.57,84.1,77.3,72.6,highschool
a,15,f,ethiopian,ethiopia,no,9,scholarship,other,not much,strongly agree,strongly agree,agree,public,hana mariam,60+,first child,1,sinzero,eth-lang,no,8,authoritative,0,none,3.75,95.33,100,,,93.72,92.92,,,,,94,,95.11,83.77,92.5,89.83,91.32,87.5,91.52,92.86,94.24,91.3,highschool
b,15,m,ethiopian,ethiopia,no,9,paid,both,a lot,strongly agree,strongly agree,agree,private,lebu,15-30,middle child,3,andinet,eth-lang,yes,8,authoritative,0,none,4.25,96.67,86.84,,,93.63,94.94,,,,,92.63,,89.65,83.69,91.3,96.5,93.57,89,85.91,92.38,91.5,90.7,highschool
a,15,f,ethiopian,ethiopia,no,9,paid,both,a lot,strongly agree,somehow agree,agree,private,kolfe,15-,first child,3,hilltops,eth-lang,no,9,authoritative,0,none,3.75,96.33,99,,,86.65,76.31,,,,,91.13,,85.36,74.26,88.9,90.29,92.86,88.33,91.72,88.1,95.15,86.7,highschool
a,14,f,ethiopian,ethiopia,no,9,scholarship,both,a lot,strongly agree,strongly agree,agree,public,weyra,15-30,first child,1,yemane birhan,eth-lang,no,8,authoritative,0,none,4.25,95.33,100,,,86.23,92.42,,,,,93.38,,91,82.89,93.1,91.15,100,90.33,94.53,93.9,99,92.6,highschool
b,15,m,ethiopian,ethiopia,no,9,paid,both,a lot,agree,strongly agree,somehow agree,private,jemo,30-60,first child,2,bgis,eth-lang,no,8,authoritative,0,none,3.75,96,90.48,,,80.12,77.67,,,,,88.88,,85.62,75.71,86.2,86.5,87.36,85,83.51,90.38,92.9,85.2,highschool
a,15,f,ethiopian,ethiopia,no,9,scholarship,mother,a lot,strongly agree,strongly agree,strongly agree,public,jemo,30-60,first child,2,jemo 2,eth-lang,no,6,authoritative,0,none,4.5,93.67,97.6,,,91.5,87.63,,,,,93.38,,93.84,76.96,92.5,94.33,97.65,93.17,93.01,90.38,98.86,90.8,highschool
a,15,f,ethiopian,ethiopia,no,9,scholarship,both,a lot,strongly agree,strongly agree,strongly agree,public,ashewa meda,30-60,middle child,2,meserete edget,eth-lang,yes,9,authoritative,0,none,4.5,96.67,98.15,,,96.13,98.13,,,,,95.63,,98.33,86.3,96,95,100,94,95.2,95.24,99.57,95.5,highschool
a,16,f,ethiopian,ethiopia,no,9,scholarship,mother,little,agree,somehow agree,somehow agree,public,kality,60+,last child,3,atse tewedros,eth-lang,no,7,permissive,0,none,3,91.67,96.55,,,70.44,84.52,,,,,92,,80.52,78.06,84.4,78.5,84.15,85.67,82.96,82.95,89.53,83.8,highschool
a,16,f,ethiopian,ethiopia,no,9,scholarship,other,little,agree,strongly agree,strongly agree,public,gofa,30-60,last child,2,gofa ps,eth-lang,no,7,authoritative,0,none,4,96,95.18,,,85.1,95.2,,,,,99,,96.77,86.37,94.8,96.5,100,97.83,93.34,92.38,99,94.7,highschool
a,14,f,ethiopian,ethiopia,yes,9,paid,both,a lot,strongly agree,strongly agree,strongly agree,private,gulele,15-30,middle child,3,gibson,eth-lang,yes,10,authoritative,0,none,4.5,90.67,92.02,,,72.56,70.61,,,,,88.13,,72.36,70.09,80.4,86.5,75.17,79,78.07,79.81,90,77,highschool
a,15,f,ethiopian,ethiopia,no,9,paid,both,a lot,somehow agree,somehow agree,agree,private,sarbet,15-30,middle child,2,southwest,eth-lang,no,6.5,authoritative,1,none,3.25,91.67,95.99,,,74.92,74.12,,,,,91.13,,76.88,74.74,85.1,97.65,84.87,81.67,85.39,83.62,93.06,81.6,highschool
a,16,f,ethiopian,ethiopia,no,9,scholarship,both,a lot,strongly agree,somehow agree,agree,service,kality,60+,first child,1,biruh tesfa,eth-lang,no,7,authoritative,0,none,3.75,97,100,,,79.68,97.38,,,,,94.25,,94.4,89.3,94.6,96.83,100,94.33,92.8,95.71,97.72,95.1,highschool
a,15,m,ethiopian,ethiopia,no,9,scholarship,both,a lot,agree,strongly agree,agree,public,gofa,30-60,middle child,1,gofa ps,eth-lang,no,8,authoritative,0,none,4,94.33,97.02,,,75.1,89.75,,,,,95.13,,82.52,79.17,88.4,92.15,84.42,94,82.13,90.38,93.65,87.1,highschool
a,15,m,ethiopian,ethiopia,no,9,paid,both,a lot,strongly agree,strongly agree,strongly agree,private,german square,30-60,first child,3,flipper,eth-lang,no,7,authoritative,0,none,4.5,92,86.46,,,73.29,77.1,,,,,90.38,,67.61,67.88,79.3,87.5,71.86,75.33,68.41,87.14,85.71,75.9,highschool
b,15,m,ethiopian,ethiopia,no,9,paid,both,little,agree,strongly agree,strongly agree,private,asko,15-30,middle child,2,gibson,eth-lang,no,6.5,authoritative,0,none,4,94,97.73,,,73.8,71.85,,,,,82.63,,68.78,74.19,82.8,94,80,83.67,84.32,92.19,79.43,81.1,highschool
a,14,f,ethiopian,ethiopia,no,9,paid,both,a lot,strongly agree,agree,strongly agree,private,wingate,15-30,first child,1,intellectual,eth-lang,yes,9,authoritative,0,none,4.25,95.33,88.62,,,70.24,70.72,,,,,91.88,,70.83,72.84,81.5,88.5,80.82,78,81.96,83.24,86.4,79.2,highschool
b,14,f,british,ethiopia,yes,9,paid,both,little,somehow agree,agree,disagree,private,legetafo,60+,first child,3,none,for-lang,yes,7,authoritarian,1,-,2.75,97.33,93.58,,,75.79,70.66,,,,,89.38,,70.56,71.6,81.7,93.15,77.42,78,74.9,85.81,84.49,78.3,highschool
a,16,f,ethiopian,ethiopia,no,9,scholarship,both,a lot,agree,somehow agree,agree,public,bethel,15-30,last child,1,yemane birhan,eth-lang,no,9,authoritative,0,none,3.5,97.33,100,,,88.87,96.63,,,,,94.13,,96.58,84.59,94.7,97.65,100,93.67,92.68,90.38,98.86,94,highschool
a,15,f,ethiopian,ethiopia,yes,9,paid,both,little,agree,somehow agree,disagree,private,german square,30-60,middle child,1,intellectual,eth-lang,yes,6,authoritative,0,none,2.75,91.67,93.53,,,82.71,77.57,,,,,89.13,,81.57,73.96,83.8,91.82,76.08,75.17,80.99,83.81,91.9,80.1,highschool
a,15,m,ethiopian,ethiopia,no,9,scholarship,both,a lot,strongly agree,strongly agree,strongly agree,service,jemo,30-60,middle child,3,jemo 2,eth-lang,no,6,authoritative,0,none,4.5,94.33,99,,,96.22,91.64,,,,,94.88,,95.03,85.8,94.4,94.65,95.83,95.33,95.24,92.38,97.1,93.2,highschool
a,15,m,ethiopian,ethiopia,no,9,scholarship,both,a lot,agree,agree,somehow agree,on foot,weyra,30-60,middle child,2,yemane berhan,eth-lang,no,7.5,authoritative,1,physical&emotional,3.5,90.83,99.15,,,86.13,95.56,,,,,92.88,,86.06,87.87,91.3,93.15,88.7,93.67,83.8,92.38,96.75,89.9,highschool
a,16,m,ethiopian,ethiopia,no,9,scholarship,mother,a lot,strongly agree,strongly agree,agree,public,anfo,30-60,first child,0,mimosa,eth-lang,no,5.5,authoritative,0,none,4.25,96,99.58,,,98.62,100,,,,,86.75,,96.9,96.2,95.7,90.77,100,95.83,93.65,92.19,98.06,96.3,highschool
a,16,m,ethiopian,ethiopia,no,9,scholarship,both,a lot,strongly agree,strongly agree,agree,public,riche,15-30,first child,0,uog community,eth-lang,no,6.5,authoritative,0,none,4.25,94.33,84.84,,,80.42,62.57,,,,,86,,77.2,70.85,77.9,77.52,69.77,74.17,81.65,76.48,77.16,75.9,highschool
a,16,m,ethiopian,ethiopia,no,9,scholarship,both,a lot,strongly agree,strongly agree,strongly agree,public,torhailoch,15-,first child,3,meserete edget,eth-lang,yes,8,authoritative,0,none,4.5,91.67,97.18,,,94.27,97.16,,,,,89.5,,97.9,85.77,92.2,88.27,96.27,95.33,83.4,93.05,88.76,92.6,highschool
a,15,m,ethiopian,ethiopia,yes,9,paid,both,a lot,agree,agree,agree,private,total,15-,first child,3,flipper,eth-lang,yes,7,authoritarian,0,none,3.75,81.67,97.22,,,91.96,86.84,,,,,89.5,,84.96,78.69,88.4,99.5,88.61,93.33,85.83,86.29,84.73,85.8,highschool
a,16,m,ethiopian,ethiopia,no,10,scholarship,both,a lot,strongly agree,strongly agree,strongly agree,service,lebu,60+,middle child,2,abay,eth-lang,no,8,authoritative,0,none,4.5,89,93.29,,,93.5,91.44,,,,,94.43,,91.67,88.54,91.6,94.8,93.99,93.93,83.7,89.43,93.5,90.2,highschool
c,17,m,ethiopian,ethiopia,no,10,paid,both,a lot,strongly agree,agree,strongly agree,private,gulele,15-30,middle child,2,gibson,eth-lang,no,8,permissive,0,none,4.25,93.67,72.43,,,93.5,63.64,,,,,89.43,,80.83,77.41,80,79.63,72.15,70.21,76.06,85.71,85.81,77.5,highschool
a,16,f,ethiopian,ethiopia,no,10,paid,both,a lot,strongly agree,strongly agree,strongly agree,private,russia camp,15-,first child,1,flipper,eth-lang,yes,7,authoritative,0,none,4.5,99.67,90.57,,,88.5,79.73,,,,,91.93,,85.17,85.44,89.8,98.33,94.81,87.9,83.51,90.43,91.7,88.3,highschool
b,15,m,ethiopian,ethiopia,no,10,paid,both,not much,agree,strongly agree,somehow agree,service,bethel,15-30,first child,0,mount olive academy,eth-lang,no,6,permissive,0,none,3.25,91,89.57,,,82,70.53,,,,,94.43,,78.33,83.9,82.1,85.5,74.62,72.88,73.47,79.07,91.86,78,highschool
a,15,f,ethiopian,ethiopia,no,10,paid,both,a lot,somehow agree,somehow agree,somehow agree,private,torhailoch,15-,middle child,1,intellectual,eth-lang,yes,9,authoritative,0,none,3,89.67,46.43,,,70.59,70.7,,,,,86.93,,77,82.56,75.7,84.5,75.86,67.77,72.79,72.33,87.21,76.1,highschool
a,15,f,american,ethiopia,yes,10,paid,both,little,somehow agree,agree,agree,private,german square,15-30,first child,1,intellectual,eth-lang,yes,7,authoritative,0,none,3.25,95.33,88.07,,,87.5,63.39,,,,,86.18,,80.17,84.6,85,92.53,87.61,82,75.58,87.42,94.2,82,highschool
a,16,f,ethiopian,ethiopia,no,10,paid,both,a lot,agree,agree,agree,private,torhailoch,15-,first child,3,school of nations,eth-lang,yes,8,authoritative,0,none,3.75,95.67,83.07,,,84,87.39,,,,,89.68,,85.83,87.31,86.7,92.4,87.77,85.65,75.55,83.9,88.3,86.1,highschool
a,15,m,ethiopian,ethiopia,yes,10,paid,both,a lot,strongly agree,strongly disagree,strongly disagree,private,saris,30-60,first child,0,rice,eth-lang,yes,8,authoritative,0,none,2.5,96,77.57,,,81,80.5,,,,,93.43,,70,88.66,83.6,97.63,76.32,77.01,77.43,81.86,89.2,81,highschool
a,15,f,ethiopian,ethiopia,no,10,paid,both,a lot,agree,somehow agree,disagree,private,sarbet,15-30,first child,2,intellectual,eth-lang,no,7,authoritarian,0,none,3,96.67,87.57,,,81.3,84.86,,,,,94.43,,94,85.83,87.7,94.6,91.67,76.69,77.43,84.09,90.89,86.4,highschool
b,16,m,ethiopian,ethiopia,no,10,scholarship,both,a lot,agree,strongly agree,strongly agree,service,kality,60+,last child,2,akaki mh,eth-lang,no,8,authoritative,0,none,4.25,97,93.29,,,92.25,99.25,,,,,94.43,,98.67,96.09,94.5,93.3,95.54,89.13,91.14,91.43,97.11,94.8,highschool
a,16,f,ethiopian,ethiopia,no,10,paid,both,little,agree,strongly agree,somehow agree,private,bethel,15-,first child,0,hilltops,eth-lang,no,7,authoritative,1,emotional,3.5,98.67,96.64,,,92,98.51,,,,,93.43,,94.83,96.63,94,100,99,83.96,83.76,92.24,91.96,93.5,highschool
a,16,m,ethiopian,ethiopia,no,10,paid,both,a lot,agree,strongly agree,agree,private,bole bulbula,30-60,middle child,3,gibson,eth-lang,no,6.5,authoritative,0,none,4,98.67,92.29,,,94.5,98.88,,,,,93.93,,96.5,99.54,96.3,100,98.87,98.21,91.38,94.57,94.51,97.1,highschool
a,16,f,ethiopian,ethiopia,no,10,paid,both,little,agree,agree,strongly agree,private,sarbet,15-,first child,2,hilltops,eth-lang,yes,8,permissive,1,none,3.75,96.67,87.07,,,91,81.29,,,,,90.18,,89,87.67,88.4,93.3,86.72,83.8,82.48,90.5,89.51,87.3,highschool
a,15,m,ethiopian,ethiopia,no,10,paid,both,a lot,strongly agree,strongly agree,strongly agree,public,weyra,15-30,middle child,3,spring of knowledge,eth-lang,no,8,authoritative,0,none,4.5,96.33,91.93,,,90.69,84.55,,,,,93.93,,92.5,92.5,91.2,94.3,93.38,83.74,85.47,92.29,93.66,90.1,highschool
a,16,m,ethiopian,ethiopia,no,10,paid,both,a lot,strongly agree,strongly agree,agree,public,jemo,60+,middle child,1,jemo 2,eth-lang,no,7,authoritative,0,none,4.25,95,94.43,,,81.5,85.84,,,,,91.43,,94.67,86.77,89.5,89.5,91.52,85.53,87.53,91.43,88.51,89.8,highschool
a,16,m,ethiopian,ethiopia,no,10,scholarship,mother,a lot,agree,agree,strongly agree,public,saris,60+,middle child,1,kotari,eth-lang,no,8,authoritative,1,emotional,4,94.67,96.29,,,94.5,99.25,,,,,91.43,,98,94,93.4,93.8,96.61,87.94,88.27,83.95,96.06,92.8,highschool
a,15,f,ethiopian,ethiopia,no,10,paid,both,a lot,agree,somehow agree,somehow agree,private,alemgena,60+,first child,1,school of nations,for-lang,yes,5,authoritative,0,none,3.25,96,95.93,,,90.5,86.75,,,,,93.18,,95.83,93.83,92.2,96.14,93.93,87.18,87.36,88.76,93.2,91.2,highschool
a,16,m,ethiopian,ethiopia,no,10,scholarship,both,a lot,strongly agree,strongly agree,strongly agree,public,karakore,15-30,last child,1,jemo 2,eth-lang,yes,7,authoritative,0,none,4.5,95.33,96.29,,,95,94.76,,,,,90.18,,95.5,89.89,92.4,92.9,95.46,85.59,89.29,89.66,91.36,91.9,highschool
a,17,m,ethiopian,ethiopia,no,10,scholarship,both,a lot,strongly agree,strongly agree,strongly agree,public,jemo,30-60,first child,3,abay,eth-lang,no,8,authoritative,1,none,4.5,93.67,96.64,,,97.15,98.13,,,,,94.38,,95.22,98.31,94.4,83.1,94.71,93.97,92.79,91.29,98.06,94.8,highschool
a,16,m,ethiopian,ethiopia,yes,10,paid,both,a lot,strongly agree,agree,somehow agree,private,jemo,15-30,first child,3,intellectual,eth-lang,yes,8,authoritative,0,none,3.75,93.67,86.21,,,79.15,71.46,,,,,90.13,,81.24,84.12,83.8,87.1,78.54,76.38,81.55,87.57,91.86,81.8,highschool
a,16,m,ethiopian,ethiopia,no,10,paid,both,little,somehow agree,agree,agree,private,german square,30-60,last child,3,abune gorgorios,eth-lang,no,8,authoritative,0,none,3.25,94.67,91.43,,,90.69,82.63,,,,,91.43,,90.62,84.91,87.4,92.7,81.46,78,79.75,85.14,92.31,84.6,highschool
a,16,m,ethiopian,ethiopia,no,10,scholarship,both,a lot,agree,strongly agree,strongly agree,service,jemo,60+,first child,1,abay,for-lang,no,7,authoritative,0,none,4.25,93,97.64,,,97.62,100,,,,,93.13,,96.88,95.26,95.3,93.1,97.54,94.32,88.97,92.29,99.2,94.8,highschool
a,15,f,ethiopian,ethiopia,no,10,paid,both,little,agree,strongly agree,somehow agree,private,addisu gebeya,15-30,middle child,0,gibson,eth-lang,no,7.5,authoritative,1,physcological,3.5,83.33,97.64,,,95.72,98.13,,,,,94.18,,95.73,99.94,94.8,96.3,100,96.82,90.7,89.4,95.11,94.3,highschool
a,15,f,ethiopian,ethiopia,yes,10,paid,other,a lot,agree,strongly agree,agree,private,jemo,30-60,first child,2,swedish,for-lang,yes,8,authoritative,0,none,4,82.33,33.43,,,92.08,75.31,,,,,91.63,,88.27,86.3,80.2,90.5,80.17,75.88,72.19,86.57,87.8,80.9,highschool
a,16,m,ethiopian,ethiopia,no,10,scholarship,both,little,somehow agree,somehow agree,somehow agree,service,kazanchis,15-30,last child,2,kebena adventist,eth-lang,no,6.5,authoritarian,0,none,2.75,97.33,97.29,,,97.57,84.84,,,,,92.13,,91.17,88.73,91.9,96.3,88.77,86,87,92.12,95.71,89.5,highschool
a,17,m,ethiopian,ethiopia,no,10,scholarship,mother,a lot,strongly agree,agree,strongly agree,service,lafto,60+,middle child,2,nsl,eth-lang,no,8,authoritative,0,none,4.25,96.67,90.21,,,95.77,67.86,,,,,91.93,,78.06,76.01,87.2,97.6,88.24,83.97,81.51,92.5,93.26,83.1,highschool
a,15,f,ethiopian,ethiopia,no,10,scholarship,both,little,strongly agree,strongly agree,strongly agree,public,arabsa,60+,middle child,3,addis sefer,eth-lang,no,6,authoritative,1,physcological,4.25,96,98.14,,,97.62,100,,,,,94.8,,100,99.06,97.4,94.4,100,99.5,97.8,90.29,98.7,97.8,highschool
a,15,m,ethiopian,ethiopia,no,10,paid,both,a lot,somehow agree,agree,agree,private,sarbet,15-,last child,3,gibson,eth-lang,no,7,authoritative,0,none,3.5,81,92.07,,,80.3,60.37,,,,,86.43,,69.98,70.69,75.7,70.9,67.94,71.56,77.11,72.45,83.5,71.4,highschool
a,16,f,ethiopian,ethiopia,no,10,scholarship,both,a lot,agree,somehow agree,strongly agree,public,arabsa,60+,first child,1,tuludimtu,eth-lang,no,6,authoritarian,0,psycological,3.75,98.33,83.71,,,94.34,76.41,,,,,92.43,,83.72,80.43,88.2,95.8,83.8,84.47,89.75,89.4,94.26,85.8,highschool
a,15,m,ethiopian,ethiopia,no,10,paid,mother,not much,agree,strongly agree,somehow agree,private,shola,30-60,middle child,0,radical,eth-lang,yes,8,authoritative,0,none,3.25,92,95.79,,,95.31,98.88,,,,,90.68,,95.42,98.74,93.2,85.9,93.69,90.62,93.18,88.71,92.1,93.9,highschool
a,15,f,ethiopian,ethiopia,no,10,scholarship,both,a lot,strongly agree,strongly agree,strongly agree,service,furi,30-60,middle child,1,jemo 2,eth-lang,no,6,authoritative,0,none,4.5,91,96.29,,,93.92,76.48,,,,,88.93,,85.03,83.3,86.2,91.63,74.89,78.29,84.61,85,90.91,82.3,highschool
a,16,f,ethiopian,ethiopia,no,10,scholarship,mother,a lot,strongly agree,strongly agree,strongly agree,public,furi,60+,last child,2,jemo 2,eth-lang,no,5,authoritative,0,none,4.5,98.67,98.5,,,96.69,100,,,,,95.43,,98.2,97.71,97,96.8,97.11,97.88,97.65,93,93.9,97.5,highschool
a,16,m,ethiopian,ethiopia,no,10,paid,both,a lot,agree,somehow agree,agree,private,fm jerba,15-30,middle child,2,reach,eth-lang,yes,8,authoritative,1,none,3.5,97.67,87.57,,,81.46,81.43,,,,,94.93,,87.85,86.57,88.3,92.3,90.09,81.76,86.31,87.57,91.76,87.4,highschool
b,16,f,american,ethiopia,yes,10,paid,both,not much,agree,agree,somehow agree,service,cmc,30-60,last child,2,kelem,for-lang,yes,6.5,authoritative,0,none,3,98.33,47.43,,,72.83,68.23,,,,,90.93,,73.78,78.52,80.3,95.43,85.89,86.18,86.76,73.54,86.43,81.4,highschool
a,16,m,ethiopian,ethiopia,no,10,scholarship,both,a lot,strongly agree,strongly agree,agree,public,sefera,60+,first child,2,abay,eth-lang,no,7,authoritarian,0,none,4.25,97,95.29,,,97.62,97.13,,,,,92.43,,95.08,98.66,94.8,93.33,96.16,94.09,89.26,90.57,95.5,94.7,highschool
b,15,f,ethiopian,ethiopia,yes,10,paid,both,a lot,strongly agree,strongly agree,agree,private,haile garment,30-60,last child,3,rice,eth-lang,yes,6,authoritative,0,none,4.25,98,68.57,,,82.71,71.37,,,,,77.4,,84.17,70.23,82.2,96.8,81.69,79.76,80.55,84.64,93.16,81.3,highschool
a,16,m,ethiopian,ethiopia,no,10,scholarship,both,little,strongly agree,agree,strongly agree,public,jemo,30-60,middle child,3,jemo 2,eth-lang,no,6,authoritative,1,physical,4,97.33,95.79,,,96.23,97.78,,,,,93.93,,96.16,98.94,95.7,98,97.72,88.15,93.54,92.29,98.26,95.2,highschool
c,16,m,ethiopian,ethiopia,no,10,paid,both,a lot,strongly agree,strongly agree,strongly agree,private,gulele,15-30,first child,0,gibson,eth-lang,yes,10,authoritative,0,none,4.5,89.67,97.14,,,90.23,91.82,,,,,95.43,,89.23,88.36,91.1,89,93.38,83.82,87.68,89.43,98.7,89.2,highschool
a,13,m,ethiopian,ethiopia,no,10,scholarship,other,a lot,agree,strongly agree,somehow agree,service,ayat,60+,last child,2,fentaw dinku,eth-lang,no,7.5,authoritative,0,none,3.75,94,85.21,,,87,67.06,,,,,87.18,,75.17,70.36,83.5,92.4,80.24,79.5,87.42,91.14,88.46,80.6,highschool
a,16,f,ethiopian,ethiopia,no,10,paid,both,a lot,strongly agree,agree,somehow agree,public,hayat,30-60,middle child,0,nazreth,eth-lang,yes,8,authoritative,0,none,3.75,95,94.93,,,85.62,77.07,,,,,94.93,,81.18,80.4,87.4,94.4,84.3,83.47,85.05,90.43,89.1,84.6,highschool
a,17,m,ethiopian,ethiopia,no,10,scholarship,both,a lot,somehow agree,agree,somehow agree,public,jemo,60+,first child,3,abay,eth-lang,no,6,authoritarian,0,none,3.25,98.33,98.14,,,98.54,99.63,,,,,90.18,,97,101.6,97.6,98,99.37,96.59,98.58,93.86,99.06,98.1,highschool
a,16,m,ethiopian,ethiopia,no,10,scholarship,mother,a lot,agree,disagree,strongly disagree,private,kolfe,15-,first child,3,st theresa,for-lang,yes,5.5,authoritarian,0,none,2.5,91.3537426900585,88.43,,,87,94.5,,,,,91.68,,85.3,92.7,89.5,95.4,92.3,87.9,78.2,92.14,89,89,highschool
a,16,m,ethiopian,ethiopia,no,10,scholarship,both,a lot,strongly agree,strongly agree,strongly agree,public,sefera,60+,first child,2,abay,eth-lang,no,5.5,authoritative,0,none,4.5,90.67,96.29,,,94.85,92.9,,,,,90.43,,85.3,93.23,89.6,84.7,91.66,82.3,84.93,90.57,86.36,88.9,highschool
b,16,f,ethiopian,ethiopia,no,10,scholarship,mother,not much,somehow agree,agree,strongly disagree,service,gelan,30-60,first child,0,embutoch,eth-lang,no,8,authoritarian,0,emopsy,2.25,85.67,87.07,,,83.5,60.01,,,,,84.18,,70.8,72.45,75.4,70.67,71.54,68.04,66.5,72.69,87.5,71,highschool
a,16,f,yemeni,ethiopia,no,11,paid,mother,a lot,somehow agree,somehow agree,somehow agree,private,alemgena,60+,last child,0,school of nations,for-lang,yes,6,authoritative,0,none,3,94.92,0,,,87.4,66.96,,,,,90.43,,,,77.8,90.18,,76.11,87.45,88.86,96,82.9,highschool
a,19,f,ethiopian,ethiopia,no,11,paid,both,little,somehow agree,somehow agree,somehow agree,private,torhailoch,15-30,middle child,0,mekanisa abadir,eth-lang,yes,6.5,authoritative,0,none,2.75,91.17,88.61,,,86.8,78.44,,,,,93.57,,,,85.6,74.92,,78.72,92.2,74.57,96.57,83,highschool
a,17,m,ethiopian,ethiopia,no,11,paid,both,a lot,strongly agree,strongly disagree,agree,private,lebu,30-60,middle child,0,intellectual,eth-lang,no,10,authoritative,0,none,3.25,92.08,85.93,,,91.8,66.33,,,,,93.29,,,,89.5,98.87,,83.94,96.36,95.43,90.5,86.8,highschool
b,16,m,ethiopian,ethiopia,no,11,paid,both,a lot,strongly agree,agree,strongly agree,public,gotera,15-30,first child,3,rice,eth-lang,yes,9,authoritative,0,none,4.25,73.44,84.61,,,86.6,63.67,,,,,81.86,,,,81.2,92.85,,78.89,78.26,90.29,81.36,76.9,highschool
a,17,f,ethiopian,ethiopia,no,11,paid,both,little,agree,agree,agree,service,megenagna,30-60,first child,3,mount olive,eth-lang,no,8,authoritative,0,none,3.5,92.69,90.93,,,90.9,61.21,,,,,94.43,,,,87.2,94.33,,75.83,92.3,83.36,95.93,81.1,highschool
a,15,m,ethiopian,ethiopia,yes,11,paid,both,a lot,agree,disagree,agree,private,sarbet,15-,middle child,3,school of tomorrow,eth-lang,yes,8,authoritative,0,none,3.25,97.17,86.79,,,85.95,74.22,,,,,91.14,,,,90.4,94.82,,95.17,97.13,84.32,96.79,89.6,highschool
a,16,m,ethiopian,ethiopia,yes,11,paid,both,a lot,agree,agree,strongly agree,private,bole,15-30,middle child,3,andinet,eth-lang,yes,8,authoritative,0,none,4,85.26,83.29,,,82,77.46,,,,,92.14,,,,88.1,86.21,,93.17,97.45,91.71,92.57,89,highschool
a,16,f,ethiopian,ethiopia,no,11,scholarship,mother,a lot,strongly agree,somehow agree,disagree,service,gerji,60+,last child,1,safari,eth-lang,no,5,authoritative,0,none,3.25,94.19,93.5,,,92.6,88.9,,,,,93.71,,,,94.2,97.97,,94.89,94.66,95.71,95.79,93.7,highschool
a,17,m,ethiopian,ethiopia,no,11,paid,both,a lot,agree,agree,agree,private,musena,15-,last child,3,school of nations,eth-lang,no,6,authoritative,0,none,3.75,94.92,88.79,,,97.6,74.34,,,,,93.86,,,,92.7,97.41,,95.72,96.46,95.43,92.32,91.4,highschool
a,17,m,ethiopian,ethiopia,yes,11,paid,both,a lot,agree,agree,strongly agree,private,musena,15-,middle child,3,gss,eth-lang,yes,7.5,authoritative,0,none,4,83.76,83.86,,,84.8,67.46,,,,,94.29,,,,81.8,75.89,,73.72,86.21,82,85.57,78.6,highschool
a,17,m,ethiopian,ethiopia,no,11,scholarship,both,a lot,strongly agree,strongly agree,strongly agree,service,lebu,60+,first child,1,stanford,eth-lang,no,5,authoritative,0,none,4.5,90.44,96,,,91.6,70.34,,,,,89,,,,91,93.81,,98.22,94.84,93.86,92,89.5,highschool
a,16,f,ethiopian,ethiopia,no,11,paid,mother,a lot,strongly agree,strongly agree,strongly agree,private,sarbet,15-30,middle child,0,gibson,eth-lang,no,8,authoritative,0,none,4.5,94.92,89.68,,,89.6,63.57,,,,,90.29,,,,87.6,95.03,,78.61,91.78,84.57,98.36,82.7,highschool
b,17,m,american,ethiopia,yes,11,paid,both,a lot,strongly agree,strongly agree,strongly agree,private,paulos,15-30,middle child,2,greek school,for-lang,yes,8,authoritative,0,none,4.5,94.17,4,,,91.2,69.58,,,,,96.14,,,,81.1,93.44,,90.11,95.37,86,91.29,87,highschool
a,17,f,ethiopian,ethiopia,yes,11,paid,both,a lot,strongly agree,strongly agree,strongly agree,private,jemo,30-60,first child,0,gibson,eth-lang,yes,6.5,authoritarian,1,none,4.5,95.67,90.04,,,93.2,79.28,,,,,86.71,,,,89.1,94.25,,79.17,89.67,88.86,94.64,86.5,highschool
a,16,f,ethiopian,ethiopia,no,11,paid,mother,a lot,somehow agree,strongly disagree,strongly disagree,service,jemo,30-60,last child,0,mark,eth-lang,yes,8.5,authoritarian,1,none,2,90.44,87.61,,,88,81.4,,,,,91.43,,,,89,91.04,,81.33,93.08,93,92.5,87.9,highschool
a,16,m,british,ethiopia,no,11,scholarship,both,a lot,strongly agree,agree,agree,public,sarbet,15-30,first child,3,greek school,for-lang,yes,10,authoritative,0,none,4,77.87,38.18,,,88.6,59.84,,,,,97,,,,78.9,97.52,,81,85.19,87.71,76.09,78.3,highschool
a,17,m,american,ethiopia,yes,11,paid,both,a lot,strongly agree,somehow agree,somehow agree,private,gerji,30-60,last child,3,allen,for-lang,yes,8,authoritative,0,none,3.5,94.19,5,,,95.8,63.89,,,,,97.86,,,,80.2,98.64,,74.56,90.81,90.71,90.64,82.8,highschool
a,16,f,ethiopian,ethiopia,no,11,paid,both,a lot,agree,agree,somehow agree,private,sarbet,15-,last child,2,school of tomorrow,eth-lang,no,7,authoritative,1,none,3.5,95.69,83.43,,,87.6,79.25,,,,,88.86,,,,85.9,92.33,,74.72,86.18,81.71,89.57,83.5,highschool
a,16,m,ethiopian,ethiopia,no,11,paid,both,a lot,strongly agree,strongly agree,somehow agree,private,german square,30-60,first child,3,intellectual,eth-lang,yes,8,authoritative,0,none,4,89.69,86.04,,,90.51,77.17,,,,,89.86,,,,86.4,86.52,,77.17,86.22,95.14,85.63,85.1,highschool
a,16,f,ethiopian,ethiopia,no,11,paid,both,a lot,strongly agree,strongly agree,strongly agree,private,lebu,30-60,first child,2,intellectual,eth-lang,yes,7,authoritative,0,none,4.5,84.55,91.93,,,94.33,82.4,,,,,93.71,,90.03,81.32,89.7,94.56,88.47,,,96.14,,87.2,highschool
a,17,m,ethiopian,ethiopia,no,11,scholarship,both,a lot,strongly agree,strongly agree,strongly agree,public,kazanchis,30-60,middle child,0,kebena adventist,eth-lang,no,6,authoritative,0,none,4.5,97.92,98.5,,,100,97.73,,,,,100,,100,94.98,98.4,97.76,97.26,,,99.57,,97.9,highschool
a,17,f,ethiopian,ethiopia,no,11,scholarship,both,a lot,strongly agree,strongly agree,agree,public,lafto,30-60,middle child,2,tehadso,eth-lang,yes,7,authoritative,0,none,4.25,96.42,97.68,,,99.6,95.22,,,,,95.71,,98.54,96.06,97.4,97.95,97.86,,,99,,97.2,highschool
a,16,m,ethiopian,ethiopia,no,11,scholarship,mother,little,agree,agree,agree,public,abado,60+,last child,3,meskaye,eth-lang,no,8,authoritative,0,none,3.5,92.75,94.68,,,98,86.94,,,,,97.43,,96.67,82.19,93.4,96.59,95.96,,,92.71,,91.2,highschool
a,16,f,ethiopian,ethiopia,no,11,paid,both,a lot,agree,strongly agree,somehow agree,service,tuludimtu,60+,middle child,2,gibson,eth-lang,no,5.5,authoritative,0,none,3.75,93.5,95.75,,,95.93,84.74,,,,,97.43,,96.67,87.78,93.7,96.38,92.29,,,96.14,,91.9,highschool
a,17,m,ethiopian,ethiopia,no,11,scholarship,both,a lot,agree,agree,strongly agree,public,haile garment,30-60,last child,2,hidase,eth-lang,no,7,authoritative,0,none,4,89,95.68,,,97.73,96.58,,,,,94.86,,98.33,85.72,94.6,96.38,93.57,,,98.57,,93.6,highschool
b,18,m,ethiopian,ethiopia,yes,11,paid,both,a lot,somehow agree,disagree,disagree,private,sarbet,30-60,first child,3,gibson,eth-lang,no,6,authoritarian,1,emotional,2.5,83.1,86.93,,,91.62,72.62,,,,,92,,96.04,75.64,86.6,96.61,81.99,,,89.29,,83.1,highschool
a,16,f,ethiopian,ethiopia,no,11,paid,both,a lot,strongly agree,strongly agree,strongly agree,private,torhailoch,15-,middle child,3,nobles,for-lang,yes,8,authoritative,0,none,4.5,88.28,43.93,,,90,77.64,,,,,96.29,,88.48,74.46,79.3,91.86,65.69,,,76.14,,78.4,highschool
a,16,f,ethiopian,ethiopia,no,11,paid,mother,a lot,strongly agree,strongly agree,strongly agree,service,lebu,15-30,last child,3,gibson,eth-lang,no,6.5,authoritative,0,none,4.5,92.75,92.36,,,96.4,87.73,,,,,98.29,,92.05,86.61,93.7,99.32,91.89,,,99.14,,91.7,highschool
a,17,f,ethiopian,ethiopia,no,11,paid,both,a lot,strongly agree,strongly agree,somehow agree,public,mehandis,30-60,first child,3,abune gorgorios,eth-lang,no,9,authoritative,0,none,4,94.19,96.93,,,97.2,97.29,,,,,98.14,,97.71,94.06,96.3,97.53,91.79,,,98.14,,95.5,highschool
b,17,m,ethiopian,ethiopia,no,11,paid,both,a lot,strongly agree,strongly agree,strongly agree,private,lebu,30-60,first child,3,andinet,eth-lang,yes,8,authoritative,0,none,4.5,95.76,84.79,,,91.93,83.18,,,,,96.14,,92.92,79.23,90.3,97.27,86.04,,,96.14,,88.9,highschool
a,17,f,ethiopian,ethiopia,no,11,scholarship,both,a lot,strongly agree,strongly agree,strongly agree,public,jemo,30-60,last child,3,jemo 2,eth-lang,no,8,authoritative,0,none,4.5,96.5,98,,,93.2,79.12,,,,,93.57,,98.33,80.59,92.1,96.84,90.74,,,94.43,,90,highschool
a,18,f,ethiopian,ethiopia,no,12,paid,both,a lot,strongly agree,agree,agree,private,anfo,15-30,last child,3,gibson,eth-lang,no,7,authoritative,0,none,4,95.1,95.16,,,94.27,93.07,,,,,96.13,,99.71,93.91,95.3,96.38,95.16,,,94.37,,95.2,highschool
a,18,m,ethiopian,ethiopia,no,12,paid,both,a lot,strongly agree,strongly agree,strongly agree,private,sarbet,15-30,first child,3,southwest,eth-lang,no,6,authoritative,0,none,4.5,84.87,79.25,,,88.13,71.31,,,,,93.13,,83.47,68.89,82.7,90.89,79.25,,,87.75,,79.3,highschool
b,17,m,ethiopian,ethiopia,yes,12,paid,both,a lot,strongly agree,strongly agree,strongly agree,service,lebu,60+,last child,3,intellectual,eth-lang,yes,8,authoritative,0,none,4.5,76.22,77.46,,,93.35,71.01,,,,,96.13,,83.49,66.8,81.3,93.59,77.46,,,77.52,,75.4,highschool
a,18,f,ethiopian,ethiopia,no,12,scholarship,both,a lot,agree,agree,agree,service,lafto,60+,first child,0,southwest,eth-lang,no,6,authoritative,1,none,3.75,93.3,90.63,,,94.5,83.35,,,,,88.13,,96.39,76.63,90.3,96.07,90.63,,,93.77,,89,highschool
b,17,m,ethiopian,ethiopia,no,12,paid,both,a lot,strongly agree,strongly agree,agree,private,sefereselam,15-30,last child,3,gibson,eth-lang,yes,8,authoritative,0,none,4.25,83,70.3,,,82.13,62.02,,,,,81.88,,71.43,52.52,75,89.44,70.3,,,87.32,,71.1,highschool
a,17,f,ethiopian,ethiopia,no,12,paid,both,a lot,strongly agree,strongly agree,agree,private,ayertena,15-30,first child,0,gibson,eth-lang,no,7,authoritative,0,none,4.25,90.2,83.42,,,91.69,67.47,,,,,86.63,,90.37,78.57,85.3,95.37,83.42,,,86.35,,82.7,highschool
a,17,m,ethiopian,ethiopia,no,12,scholarship,both,little,agree,strongly agree,somehow agree,service,kality,30-60,first child,0,alem birhan,eth-lang,yes,5,authoritative,1,none,3.5,89.5,82.52,,,97.23,93.09,,,,,96.13,,90.35,83.79,89.6,93.95,82.52,,,87.37,,87.8,highschool
a,17,f,ethiopian,ethiopia,no,12,paid,both,little,agree,somehow agree,somehow agree,private,lebu,15-,first child,0,intellectual,eth-lang,no,8,authoritative,0,none,3,90.85,78.11,,,85.37,79.86,,,,,88.13,,88.06,76,84.5,99.25,78.11,,,80.95,,82.3,highschool
a,17,m,ethiopian,ethiopia,no,12,scholarship,both,a lot,strongly agree,agree,agree,public,kality,60+,first child,0,mhm,eth-lang,no,3,authoritative,1,none,4,71.12,70.53,,,89.85,79.95,,,,,96.63,,90.48,80.97,81.7,78.68,70.53,,,88.37,,80.2,highschool
a,17,f,ethiopian,ethiopia,no,12,scholarship,other,a lot,strongly agree,strongly agree,strongly agree,service,bole michael,30-60,first child,1,tadagiwa,eth-lang,no,5,authoritative,1,none,4.5,71.07,74,,,82.13,67.15,,,,,89.63,,84.33,71.58,74.1,50.8,74,,,75.93,,74,highschool
a,17,m,ethiopian,ethiopia,no,12,paid,both,a lot,strongly agree,strongly agree,agree,private,sarbet,30-60,first child,2,intellectual,eth-lang,no,7,authoritative,0,none,4.25,83.22,74.92,,,93.21,66.49,,,,,92.13,,85.43,61.8,81.6,94.71,74.92,,,89.38,,76.9,highschool
a,19,m,ethiopian,ethiopia,yes,12,scholarship,father,little,agree,strongly agree,strongly agree,public,tuludimtu,60+,first child,2,tuludimtu,eth-lang,no,5,authoritative,0,none,4,89.3,81.16,,,92.15,79.74,,,,,94.63,,88.16,77.72,87,92.91,81.16,,,92.77,,84.8,highschool
a,17,f,ethiopian,ethiopia,no,12,scholarship,both,a lot,strongly agree,strongly agree,strongly agree,service,lafto,60+,middle child,0,southwest,eth-lang,no,4,authoritative,0,none,4.5,92.5,80.56,,,94.5,67.52,,,,,94.63,,90.6,80.63,87.2,96.82,80.56,,,93.35,,84.2,highschool
a,18,f,ethiopian,ethiopia,no,12,paid,both,a lot,strongly agree,somehow agree,agree,service,mekanisa,15-30,first child,3,gibson,eth-lang,no,7,authoritarian,1,none,3.75,90.83,83.89,,,86.75,62.76,,,,,94.63,,86.31,76.2,84.6,99.13,83.89,,,81.52,,80.3,highschool
b,18,m,ethiopian,ethiopia,no,12,paid,both,a lot,agree,strongly agree,strongly agree,private,mekanisa,15-,last child,3,dandii boru,eth-lang,no,7,authoritative,1,none,4.25,70.12,73.36,,,78.9,75.39,,,,,99.13,,87.56,70.84,80.6,88.49,73.36,,,88.52,,77.6,highschool
a,17,f,american,ethiopia,no,12,paid,both,a lot,agree,strongly agree,agree,service,haile garment,60+,middle child,3,gibson,eth-lang,no,8,authoritative,0,none,4,94.2,81.31,,,86.42,85.2,,,,,96.88,,89.62,96.15,90.3,96.82,81.31,,,94.78,,90.2,highschool
a,18,f,ethiopian,ethiopia,no,12,scholarship,both,a lot,strongly agree,strongly agree,strongly agree,service,tuludimtu,60+,last child,3,tuludimtu,eth-lang,no,5.5,authoritative,0,none,4.5,88.13,81.7,,,88.96,89.56,,,,,99.13,,86.43,86.53,88.8,96.01,81.7,,,90.33,,87.1,highschool
b,17,m,ethiopian,ethiopia,no,12,scholarship,mother,not much,strongly disagree,disagree,strongly disagree,public,haile garment,60+,last child,0,hidase,eth-lang,no,9,authoritarian,0,none,1.25,78.92,95.5,,,100.46,89.8,,,,,96.25,,90.79,77.84,89.7,88.6,84.46,,,94.37,,86,highschool
a,18,f,ethiopian,ethiopia,no,12,scholarship,both,a lot,agree,agree,somehow agree,service,haile garment,60+,last child,0,bgis,eth-lang,no,7,authoritative,0,none,3.5,94.85,97,,,96.77,78.17,,,,,97.75,,91.62,73.65,89.9,93.23,85.08,,,90.77,,85.7,highschool
a,18,m,ethiopian,ethiopia,no,12,scholarship,other,little,disagree,strongly disagree,disagree,public,haile garment,60+,first child,1,hidase,eth-lang,no,6,authoritative,0,none,1.75,88.75,98.5,,,97.83,95.96,,,,,97.75,,92.21,87.42,94.5,97.95,89.52,,,99,,92.1,highschool
b,18,m,ethiopian,ethiopia,yes,12,scholarship,both,a lot,strongly agree,agree,somehow agree,public,tuludimtu,60+,first child,3,kotari,eth-lang,no,5,authoritative,0,none,3.75,77.82,96.5,,,96.15,87.79,,,,,96.25,,92.85,79.44,89.4,95.96,83.26,,,87.58,,84.8,highschool
a,17,f,ethiopian,ethiopia,no,12,scholarship,mother,little,agree,somehow agree,somehow agree,service,lebu,60+,first child,0,stanford,eth-lang,no,6,authoritative,1,"emo,psy",3,89.98,97.5,,,92.31,71.53,,,,,96.25,,90.23,78.71,89.6,98.24,90.17,,,90.8,,85.2,highschool
b,18,m,ethiopian,ethiopia,no,12,scholarship,other,a lot,agree,agree,strongly agree,public,tuludimtu,60+,first child,3,school of tomorrow,for-lang,no,8,authoritative,1,x,4,69.87,74.5,,,86.27,62.87,,,,,94.75,,84.04,59.96,76.6,84.85,71.52,,,77.43,,70.9,highschool
a,17,f,ethiopian,ethiopia,no,12,scholarship,both,little,somehow agree,strongly agree,strongly agree,service,tuludimtu,60+,first child,2,menbere hiwot,eth-lang,no,6,authoritative,1,"emo,psy",3.75,88.28,94.5,,,87.34,76.85,,,,,94.25,,85.62,79.36,87.3,96.09,85.71,,,84.98,,83.5,highschool
a,20,f,ethiopian,ethiopia,no,12,scholarship,other,not much,agree,somehow agree,strongly agree,public,jemo,60+,middle child,0,abay,eth-lang,no,5,authoritative,1,"emo,psy",3.25,85.53,98,,,90.85,83.07,,,,,96.25,,92.04,73.45,90,99.13,91.02,,,90.95,,86,highschool
c,17,m,ethiopian,ethiopia,yes,12,scholarship,both,a lot,strongly agree,agree,agree,private,bethel,15-30,last child,3,intellectual,eth-lang,yes,7,authoritative,0,phypsy,4,84.58,92.5,,,96.9,63.55,,,,,94.75,,82.43,69.07,82.5,93.76,59.86,,,87.7,,74.5,highschool
b,18,m,american,ethiopia,no,12,paid,father,a lot,strongly agree,strongly agree,agree,private,gerji,30-60,first child,3,jfk,eth-lang,yes,7,permissive,1,phyemopsy,4.25,73.42,87.4365882352942,,,85.35,79.3472514619883,,,,,95.25,,,,80.4,85.52,,80,67.37,78.83,77.11,74.9,highschool
a,18,m,ethiopian,ethiopia,no,12,scholarship,both,a lot,agree,agree,strongly agree,service,kality,30-60,last child,0,alembank,eth-lang,no,6,authoritative,0,none,4,84.5,95.5,,,95.76,76.75,,,,,94.75,,,,89.3,93.16,,86.62,86.33,91.32,88.73,85.1,highschool
a,16,f,british,ethiopia,yes,12,paid,both,a lot,strongly agree,strongly agree,agree,private,mekanisa,15-30,first child,1,swedish,for-lang,yes,5,permissive,0,none,4.25,88.6,87.4365882352942,,,52.85,64.79,,,,,90.75,,,,80.1,92.22,,77.24,83.96,80.05,90.11,78.9,highschool
b,19,f,ethiopian,ethiopia,no,12,paid,other,a lot,agree,somehow agree,agree,private,lebu,30-60,last child,0,dandii boru,eth-lang,no,6,authoritative,0,none,3.5,77.32,95.5,,,91.5,61.1,,,,,82.43,,,,82.7,89.49,,77.16,89.02,76.2,86.84,76.2,highschool
a,18,f,ethiopian,ethiopia,no,12,scholarship,both,a lot,agree,agree,agree,service,jemo,30-60,first child,0,abay,eth-lang,no,4,authoritative,0,none,3.75,87.8,97,,,94.55,62.29,,,,,94.25,,,,88.4,94.13,,88.13,90.31,87.37,87.73,83.2,highschool
b,18,f,ethiopian,ethiopia,no,12,paid,both,little,agree,disagree,somehow agree,private,mekanisa,15-30,middle child,2,spring of knowledge,eth-lang,yes,6.5,authoritarian,0,none,2.75,94.55,79,,,82.82,59.99,,,,,81.75,,,,81.9,95.43,,75.91,83.9,77.37,88.57,78.3,highschool
a,17,m,ethiopian,ethiopia,no,12,scholarship,both,a lot,agree,strongly agree,strongly agree,public,kality,60+,last child,0,alem birhan,eth-lang,no,4.5,authoritarian,0,none,4.25,70.92,80,,,96.31,70.61,,,,,97.75,,,,85.2,87.85,,90.67,81.5,93.35,83.46,81.4,highschool
a,18,f,ethiopian,ethiopia,yes,12,paid,both,little,somehow agree,agree,disagree,private,lebu,30-60,first child,2,southwest,eth-lang,no,8,authoritative,1,emoxpsy,2.75,90.83,92.5,,,89.52,81.17,,,,,93.75,,,,89.7,96.06,,84.71,89.92,90.37,87.98,87.4,highschool
b,18,f,italian,ethiopia,no,12,paid,mother,not much,strongly agree,strongly agree,somehow agree,private,gerji,30-60,last child,0,andinet,for-lang,no,10,authoritarian,1,"emo,psy",3.5,67.67,68,,,81.18,27.53,,,,,60.25,,,,63.7,65.83,,68.46,72.64,71.08,54.73,61.5,highschool
b,17,f,ethiopian,ethiopia,no,12,paid,both,a lot,agree,somehow agree,agree,service,jemo,30-60,middle child,1,school of nations,eth-lang,no,8,authoritative,0,none,3.5,92.25,94.5,,,91.73,74.35,,,,,94.75,,,,89.5,93.07,,83.29,91.94,88.78,90.61,86.1,highschool
b,18,f,ethiopian,ethiopia,no,12,paid,both,a lot,agree,somehow agree,agree,private,bole bulbula,30-60,middle child,0,character hallmark,eth-lang,no,6,authoritative,0,none,3.5,79.77,79.5,,,91.42,66.71,,,,,81.75,,,,83.4,96.5,,77.82,89.68,83.32,87.04,79.5,highschool
a,17,f,canadian,ethiopia,yes,12,paid,both,little,somehow agree,agree,somehow agree,service,cmc,60+,middle child,0,scs,eth-lang,yes,5.5,authoritative,0,none,3,91.4,72.5,,,85.17,64.07,,,,,90.25,,,,84.2,93.07,,79.02,89.55,91.92,84.82,83.2,highschool
a,18,f,ethiopian,ethiopia,yes,12,paid,both,a lot,strongly agree,somehow agree,somehow agree,private,sarbet,15-30,last child,2,intellectual,eth-lang,yes,7,authoritative,1,emotional,3.5,77.82,81,,,87.8,65.91,,,,,92.75,,,,82.9,91.37,,77.47,87.2,86.18,81.16,78.9,highschool
a,18,m,ethiopian,ethiopia,no,12,paid,both,a lot,agree,agree,agree,private,bole,30-60,first child,3,andinet,eth-lang,yes,8,authoritative,0,none,3.75,86.53,88.5,,,89.7,72.3,,,,,94.7,,,,86.6,86.65,,85.6,86.3,88.95,86.36,83.9,highschool
